node_index,node_name,domain,op_type,layer,operator_category,projection_class,K,N,dtype,weight_initializer,source_weight_bytes,activation_bytes,output_bytes,reuse,external_data_file,external_data_offset,estimated_memory_address,candidate_cluster,candidate_channel,candidate_bundle,evidence_type,projection_id,modeled_int8_weight_bytes,modeled_int8_activation_bytes,modeled_int32_output_bytes,quantization_state,claim_boundary
190,/model/layers.0/self_attn/q_proj/MatMul,,MatMul,0,attention_projection,q_proj,1152,1024,float,onnx::MatMul_9586,4718592,4608,4096,once_per_decode_token,model.onnx_data,1207964160,1207964160,0,0,0,graph-derived,0,1179648,1152,4096,source_float32; accelerator cost uses explicit modeled-int8 transform,"Node order, shape, dtype, initializer and external-data offset are ONNX-derived; placement is deterministic modeled policy."
214,/model/layers.0/self_attn/k_proj/MatMul,,MatMul,0,attention_projection,k_proj,1152,256,float,onnx::MatMul_9593,1179648,4608,1024,once_per_decode_token,model.onnx_data,1212682752,1212682752,1,1,2,graph-derived,1,294912,1152,1024,source_float32; accelerator cost uses explicit modeled-int8 transform,"Node order, shape, dtype, initializer and external-data offset are ONNX-derived; placement is deterministic modeled policy."
217,/model/layers.0/self_attn/v_proj/MatMul,,MatMul,0,attention_projection,v_proj,1152,256,float,onnx::MatMul_9594,1179648,4608,1024,once_per_decode_token,model.onnx_data,1213862400,1213862400,2,3,0,graph-derived,2,294912,1152,1024,source_float32; accelerator cost uses explicit modeled-int8 transform,"Node order, shape, dtype, initializer and external-data offset are ONNX-derived; placement is deterministic modeled policy."
418,/model/layers.0/self_attn/o_proj/MatMul,,MatMul,0,attention_projection,o_proj,1024,1152,float,onnx::MatMul_9621,4718592,4096,4608,once_per_decode_token,model.onnx_data,1215044096,1215044096,3,1,2,graph-derived,3,1179648,1024,4608,source_float32; accelerator cost uses explicit modeled-int8 transform,"Node order, shape, dtype, initializer and external-data offset are ONNX-derived; placement is deterministic modeled policy."
442,/model/layers.0/mlp/gate_proj/MatMul,,MatMul,0,mlp_projection,gate_proj,1152,6912,float,onnx::MatMul_9626,31850496,4608,27648,once_per_decode_token,model.onnx_data,1219771904,1219771904,0,3,0,graph-derived,4,7962624,1152,27648,source_float32; accelerator cost uses explicit modeled-int8 transform,"Node order, shape, dtype, initializer and external-data offset are ONNX-derived; placement is deterministic modeled policy."
456,/model/layers.0/mlp/up_proj/MatMul,,MatMul,0,mlp_projection,up_proj,1152,6912,float,onnx::MatMul_9627,31850496,4608,27648,once_per_decode_token,model.onnx_data,1251622400,1251622400,1,2,2,graph-derived,5,7962624,1152,27648,source_float32; accelerator cost uses explicit modeled-int8 transform,"Node order, shape, dtype, initializer and external-data offset are ONNX-derived; placement is deterministic modeled policy."
458,/model/layers.0/mlp/down_proj/MatMul,,MatMul,0,mlp_projection,down_proj,6912,1152,float,onnx::MatMul_9628,31850496,27648,4608,once_per_decode_token,model.onnx_data,1283472896,1283472896,2,2,0,graph-derived,6,7962624,6912,4608,source_float32; accelerator cost uses explicit modeled-int8 transform,"Node order, shape, dtype, initializer and external-data offset are ONNX-derived; placement is deterministic modeled policy."
488,/model/layers.1/self_attn/q_proj/MatMul,,MatMul,1,attention_projection,q_proj,1152,1024,float,onnx::MatMul_9633,4718592,4608,4096,once_per_decode_token,model.onnx_data,1315332608,1315332608,0,1,3,graph-derived,7,1179648,1152,4096,source_float32; accelerator cost uses explicit modeled-int8 transform,"Node order, shape, dtype, initializer and external-data offset are ONNX-derived; placement is deterministic modeled policy."
512,/model/layers.1/self_attn/k_proj/MatMul,,MatMul,1,attention_projection,k_proj,1152,256,float,onnx::MatMul_9640,1179648,4608,1024,once_per_decode_token,model.onnx_data,1320051200,1320051200,1,2,1,graph-derived,8,294912,1152,1024,source_float32; accelerator cost uses explicit modeled-int8 transform,"Node order, shape, dtype, initializer and external-data offset are ONNX-derived; placement is deterministic modeled policy."
515,/model/layers.1/self_attn/v_proj/MatMul,,MatMul,1,attention_projection,v_proj,1152,256,float,onnx::MatMul_9641,1179648,4608,1024,once_per_decode_token,model.onnx_data,1321230848,1321230848,2,1,3,graph-derived,9,294912,1152,1024,source_float32; accelerator cost uses explicit modeled-int8 transform,"Node order, shape, dtype, initializer and external-data offset are ONNX-derived; placement is deterministic modeled policy."
712,/model/layers.1/self_attn/o_proj/MatMul,,MatMul,1,attention_projection,o_proj,1024,1152,float,onnx::MatMul_9668,4718592,4096,4608,once_per_decode_token,model.onnx_data,1322412544,1322412544,3,3,1,graph-derived,10,1179648,1024,4608,source_float32; accelerator cost uses explicit modeled-int8 transform,"Node order, shape, dtype, initializer and external-data offset are ONNX-derived; placement is deterministic modeled policy."
736,/model/layers.1/mlp/gate_proj/MatMul,,MatMul,1,mlp_projection,gate_proj,1152,6912,float,onnx::MatMul_9673,31850496,4608,27648,once_per_decode_token,model.onnx_data,1327140352,1327140352,0,0,3,graph-derived,11,7962624,1152,27648,source_float32; accelerator cost uses explicit modeled-int8 transform,"Node order, shape, dtype, initializer and external-data offset are ONNX-derived; placement is deterministic modeled policy."
750,/model/layers.1/mlp/up_proj/MatMul,,MatMul,1,mlp_projection,up_proj,1152,6912,float,onnx::MatMul_9674,31850496,4608,27648,once_per_decode_token,model.onnx_data,1358990848,1358990848,1,0,1,graph-derived,12,7962624,1152,27648,source_float32; accelerator cost uses explicit modeled-int8 transform,"Node order, shape, dtype, initializer and external-data offset are ONNX-derived; placement is deterministic modeled policy."
752,/model/layers.1/mlp/down_proj/MatMul,,MatMul,1,mlp_projection,down_proj,6912,1152,float,onnx::MatMul_9675,31850496,27648,4608,once_per_decode_token,model.onnx_data,1390841344,1390841344,2,3,3,graph-derived,13,7962624,6912,4608,source_float32; accelerator cost uses explicit modeled-int8 transform,"Node order, shape, dtype, initializer and external-data offset are ONNX-derived; placement is deterministic modeled policy."
782,/model/layers.2/self_attn/q_proj/MatMul,,MatMul,2,attention_projection,q_proj,1152,1024,float,onnx::MatMul_9680,4718592,4608,4096,once_per_decode_token,model.onnx_data,1422701056,1422701056,0,2,2,graph-derived,14,1179648,1152,4096,source_float32; accelerator cost uses explicit modeled-int8 transform,"Node order, shape, dtype, initializer and external-data offset are ONNX-derived; placement is deterministic modeled policy."
806,/model/layers.2/self_attn/k_proj/MatMul,,MatMul,2,attention_projection,k_proj,1152,256,float,onnx::MatMul_9687,1179648,4608,1024,once_per_decode_token,model.onnx_data,1427419648,1427419648,1,0,0,graph-derived,15,294912,1152,1024,source_float32; accelerator cost uses explicit modeled-int8 transform,"Node order, shape, dtype, initializer and external-data offset are ONNX-derived; placement is deterministic modeled policy."
809,/model/layers.2/self_attn/v_proj/MatMul,,MatMul,2,attention_projection,v_proj,1152,256,float,onnx::MatMul_9688,1179648,4608,1024,once_per_decode_token,model.onnx_data,1428599296,1428599296,2,2,2,graph-derived,16,294912,1152,1024,source_float32; accelerator cost uses explicit modeled-int8 transform,"Node order, shape, dtype, initializer and external-data offset are ONNX-derived; placement is deterministic modeled policy."
1006,/model/layers.2/self_attn/o_proj/MatMul,,MatMul,2,attention_projection,o_proj,1024,1152,float,onnx::MatMul_9715,4718592,4096,4608,once_per_decode_token,model.onnx_data,1429780992,1429780992,3,0,0,graph-derived,17,1179648,1024,4608,source_float32; accelerator cost uses explicit modeled-int8 transform,"Node order, shape, dtype, initializer and external-data offset are ONNX-derived; placement is deterministic modeled policy."
1030,/model/layers.2/mlp/gate_proj/MatMul,,MatMul,2,mlp_projection,gate_proj,1152,6912,float,onnx::MatMul_9720,31850496,4608,27648,once_per_decode_token,model.onnx_data,1434508800,1434508800,0,2,2,graph-derived,18,7962624,1152,27648,source_float32; accelerator cost uses explicit modeled-int8 transform,"Node order, shape, dtype, initializer and external-data offset are ONNX-derived; placement is deterministic modeled policy."
1044,/model/layers.2/mlp/up_proj/MatMul,,MatMul,2,mlp_projection,up_proj,1152,6912,float,onnx::MatMul_9721,31850496,4608,27648,once_per_decode_token,model.onnx_data,1466359296,1466359296,1,1,0,graph-derived,19,7962624,1152,27648,source_float32; accelerator cost uses explicit modeled-int8 transform,"Node order, shape, dtype, initializer and external-data offset are ONNX-derived; placement is deterministic modeled policy."
1046,/model/layers.2/mlp/down_proj/MatMul,,MatMul,2,mlp_projection,down_proj,6912,1152,float,onnx::MatMul_9722,31850496,27648,4608,once_per_decode_token,model.onnx_data,1498209792,1498209792,2,0,2,graph-derived,20,7962624,6912,4608,source_float32; accelerator cost uses explicit modeled-int8 transform,"Node order, shape, dtype, initializer and external-data offset are ONNX-derived; placement is deterministic modeled policy."
1076,/model/layers.3/self_attn/q_proj/MatMul,,MatMul,3,attention_projection,q_proj,1152,1024,float,onnx::MatMul_9727,4718592,4608,4096,once_per_decode_token,model.onnx_data,1530069504,1530069504,0,0,1,graph-derived,21,1179648,1152,4096,source_float32; accelerator cost uses explicit modeled-int8 transform,"Node order, shape, dtype, initializer and external-data offset are ONNX-derived; placement is deterministic modeled policy."
1100,/model/layers.3/self_attn/k_proj/MatMul,,MatMul,3,attention_projection,k_proj,1152,256,float,onnx::MatMul_9734,1179648,4608,1024,once_per_decode_token,model.onnx_data,1534788096,1534788096,1,1,3,graph-derived,22,294912,1152,1024,source_float32; accelerator cost uses explicit modeled-int8 transform,"Node order, shape, dtype, initializer and external-data offset are ONNX-derived; placement is deterministic modeled policy."
1103,/model/layers.3/self_attn/v_proj/MatMul,,MatMul,3,attention_projection,v_proj,1152,256,float,onnx::MatMul_9735,1179648,4608,1024,once_per_decode_token,model.onnx_data,1535967744,1535967744,2,3,1,graph-derived,23,294912,1152,1024,source_float32; accelerator cost uses explicit modeled-int8 transform,"Node order, shape, dtype, initializer and external-data offset are ONNX-derived; placement is deterministic modeled policy."
1300,/model/layers.3/self_attn/o_proj/MatMul,,MatMul,3,attention_projection,o_proj,1024,1152,float,onnx::MatMul_9762,4718592,4096,4608,once_per_decode_token,model.onnx_data,1537149440,1537149440,3,1,3,graph-derived,24,1179648,1024,4608,source_float32; accelerator cost uses explicit modeled-int8 transform,"Node order, shape, dtype, initializer and external-data offset are ONNX-derived; placement is deterministic modeled policy."
1324,/model/layers.3/mlp/gate_proj/MatMul,,MatMul,3,mlp_projection,gate_proj,1152,6912,float,onnx::MatMul_9767,31850496,4608,27648,once_per_decode_token,model.onnx_data,1541877248,1541877248,0,3,1,graph-derived,25,7962624,1152,27648,source_float32; accelerator cost uses explicit modeled-int8 transform,"Node order, shape, dtype, initializer and external-data offset are ONNX-derived; placement is deterministic modeled policy."
1338,/model/layers.3/mlp/up_proj/MatMul,,MatMul,3,mlp_projection,up_proj,1152,6912,float,onnx::MatMul_9768,31850496,4608,27648,once_per_decode_token,model.onnx_data,1573727744,1573727744,1,2,3,graph-derived,26,7962624,1152,27648,source_float32; accelerator cost uses explicit modeled-int8 transform,"Node order, shape, dtype, initializer and external-data offset are ONNX-derived; placement is deterministic modeled policy."
1340,/model/layers.3/mlp/down_proj/MatMul,,MatMul,3,mlp_projection,down_proj,6912,1152,float,onnx::MatMul_9769,31850496,27648,4608,once_per_decode_token,model.onnx_data,1605578240,1605578240,2,2,1,graph-derived,27,7962624,6912,4608,source_float32; accelerator cost uses explicit modeled-int8 transform,"Node order, shape, dtype, initializer and external-data offset are ONNX-derived; placement is deterministic modeled policy."
1370,/model/layers.4/self_attn/q_proj/MatMul,,MatMul,4,attention_projection,q_proj,1152,1024,float,onnx::MatMul_9774,4718592,4608,4096,once_per_decode_token,model.onnx_data,1637437952,1637437952,0,1,0,graph-derived,28,1179648,1152,4096,source_float32; accelerator cost uses explicit modeled-int8 transform,"Node order, shape, dtype, initializer and external-data offset are ONNX-derived; placement is deterministic modeled policy."
1394,/model/layers.4/self_attn/k_proj/MatMul,,MatMul,4,attention_projection,k_proj,1152,256,float,onnx::MatMul_9781,1179648,4608,1024,once_per_decode_token,model.onnx_data,1642156544,1642156544,1,3,2,graph-derived,29,294912,1152,1024,source_float32; accelerator cost uses explicit modeled-int8 transform,"Node order, shape, dtype, initializer and external-data offset are ONNX-derived; placement is deterministic modeled policy."
1397,/model/layers.4/self_attn/v_proj/MatMul,,MatMul,4,attention_projection,v_proj,1152,256,float,onnx::MatMul_9782,1179648,4608,1024,once_per_decode_token,model.onnx_data,1643336192,1643336192,2,1,0,graph-derived,30,294912,1152,1024,source_float32; accelerator cost uses explicit modeled-int8 transform,"Node order, shape, dtype, initializer and external-data offset are ONNX-derived; placement is deterministic modeled policy."
1594,/model/layers.4/self_attn/o_proj/MatMul,,MatMul,4,attention_projection,o_proj,1024,1152,float,onnx::MatMul_9809,4718592,4096,4608,once_per_decode_token,model.onnx_data,1644517888,1644517888,3,3,2,graph-derived,31,1179648,1024,4608,source_float32; accelerator cost uses explicit modeled-int8 transform,"Node order, shape, dtype, initializer and external-data offset are ONNX-derived; placement is deterministic modeled policy."
1618,/model/layers.4/mlp/gate_proj/MatMul,,MatMul,4,mlp_projection,gate_proj,1152,6912,float,onnx::MatMul_9814,31850496,4608,27648,once_per_decode_token,model.onnx_data,1649245696,1649245696,0,0,0,graph-derived,32,7962624,1152,27648,source_float32; accelerator cost uses explicit modeled-int8 transform,"Node order, shape, dtype, initializer and external-data offset are ONNX-derived; placement is deterministic modeled policy."
1632,/model/layers.4/mlp/up_proj/MatMul,,MatMul,4,mlp_projection,up_proj,1152,6912,float,onnx::MatMul_9815,31850496,4608,27648,once_per_decode_token,model.onnx_data,1681096192,1681096192,1,0,2,graph-derived,33,7962624,1152,27648,source_float32; accelerator cost uses explicit modeled-int8 transform,"Node order, shape, dtype, initializer and external-data offset are ONNX-derived; placement is deterministic modeled policy."
1634,/model/layers.4/mlp/down_proj/MatMul,,MatMul,4,mlp_projection,down_proj,6912,1152,float,onnx::MatMul_9816,31850496,27648,4608,once_per_decode_token,model.onnx_data,1712946688,1712946688,2,3,0,graph-derived,34,7962624,6912,4608,source_float32; accelerator cost uses explicit modeled-int8 transform,"Node order, shape, dtype, initializer and external-data offset are ONNX-derived; placement is deterministic modeled policy."
1664,/model/layers.5/self_attn/q_proj/MatMul,,MatMul,5,attention_projection,q_proj,1152,1024,float,onnx::MatMul_9821,4718592,4608,4096,once_per_decode_token,model.onnx_data,1744806400,1744806400,0,2,3,graph-derived,35,1179648,1152,4096,source_float32; accelerator cost uses explicit modeled-int8 transform,"Node order, shape, dtype, initializer and external-data offset are ONNX-derived; placement is deterministic modeled policy."
1688,/model/layers.5/self_attn/k_proj/MatMul,,MatMul,5,attention_projection,k_proj,1152,256,float,onnx::MatMul_9828,1179648,4608,1024,once_per_decode_token,model.onnx_data,1749524992,1749524992,1,0,1,graph-derived,36,294912,1152,1024,source_float32; accelerator cost uses explicit modeled-int8 transform,"Node order, shape, dtype, initializer and external-data offset are ONNX-derived; placement is deterministic modeled policy."
1691,/model/layers.5/self_attn/v_proj/MatMul,,MatMul,5,attention_projection,v_proj,1152,256,float,onnx::MatMul_9829,1179648,4608,1024,once_per_decode_token,model.onnx_data,1750704640,1750704640,2,2,3,graph-derived,37,294912,1152,1024,source_float32; accelerator cost uses explicit modeled-int8 transform,"Node order, shape, dtype, initializer and external-data offset are ONNX-derived; placement is deterministic modeled policy."
1892,/model/layers.5/self_attn/o_proj/MatMul,,MatMul,5,attention_projection,o_proj,1024,1152,float,onnx::MatMul_9856,4718592,4096,4608,once_per_decode_token,model.onnx_data,1751886336,1751886336,3,0,1,graph-derived,38,1179648,1024,4608,source_float32; accelerator cost uses explicit modeled-int8 transform,"Node order, shape, dtype, initializer and external-data offset are ONNX-derived; placement is deterministic modeled policy."
1916,/model/layers.5/mlp/gate_proj/MatMul,,MatMul,5,mlp_projection,gate_proj,1152,6912,float,onnx::MatMul_9861,31850496,4608,27648,once_per_decode_token,model.onnx_data,1756614144,1756614144,0,2,3,graph-derived,39,7962624,1152,27648,source_float32; accelerator cost uses explicit modeled-int8 transform,"Node order, shape, dtype, initializer and external-data offset are ONNX-derived; placement is deterministic modeled policy."
1930,/model/layers.5/mlp/up_proj/MatMul,,MatMul,5,mlp_projection,up_proj,1152,6912,float,onnx::MatMul_9862,31850496,4608,27648,once_per_decode_token,model.onnx_data,1788464640,1788464640,1,1,1,graph-derived,40,7962624,1152,27648,source_float32; accelerator cost uses explicit modeled-int8 transform,"Node order, shape, dtype, initializer and external-data offset are ONNX-derived; placement is deterministic modeled policy."
1932,/model/layers.5/mlp/down_proj/MatMul,,MatMul,5,mlp_projection,down_proj,6912,1152,float,onnx::MatMul_9863,31850496,27648,4608,once_per_decode_token,model.onnx_data,1820315136,1820315136,2,0,3,graph-derived,41,7962624,6912,4608,source_float32; accelerator cost uses explicit modeled-int8 transform,"Node order, shape, dtype, initializer and external-data offset are ONNX-derived; placement is deterministic modeled policy."
1962,/model/layers.6/self_attn/q_proj/MatMul,,MatMul,6,attention_projection,q_proj,1152,1024,float,onnx::MatMul_9868,4718592,4608,4096,once_per_decode_token,model.onnx_data,1852174848,1852174848,0,0,2,graph-derived,42,1179648,1152,4096,source_float32; accelerator cost uses explicit modeled-int8 transform,"Node order, shape, dtype, initializer and external-data offset are ONNX-derived; placement is deterministic modeled policy."
1986,/model/layers.6/self_attn/k_proj/MatMul,,MatMul,6,attention_projection,k_proj,1152,256,float,onnx::MatMul_9875,1179648,4608,1024,once_per_decode_token,model.onnx_data,1856893440,1856893440,1,1,0,graph-derived,43,294912,1152,1024,source_float32; accelerator cost uses explicit modeled-int8 transform,"Node order, shape, dtype, initializer and external-data offset are ONNX-derived; placement is deterministic modeled policy."
1989,/model/layers.6/self_attn/v_proj/MatMul,,MatMul,6,attention_projection,v_proj,1152,256,float,onnx::MatMul_9876,1179648,4608,1024,once_per_decode_token,model.onnx_data,1858073088,1858073088,2,3,2,graph-derived,44,294912,1152,1024,source_float32; accelerator cost uses explicit modeled-int8 transform,"Node order, shape, dtype, initializer and external-data offset are ONNX-derived; placement is deterministic modeled policy."
2186,/model/layers.6/self_attn/o_proj/MatMul,,MatMul,6,attention_projection,o_proj,1024,1152,float,onnx::MatMul_9903,4718592,4096,4608,once_per_decode_token,model.onnx_data,1859254784,1859254784,3,2,0,graph-derived,45,1179648,1024,4608,source_float32; accelerator cost uses explicit modeled-int8 transform,"Node order, shape, dtype, initializer and external-data offset are ONNX-derived; placement is deterministic modeled policy."
2210,/model/layers.6/mlp/gate_proj/MatMul,,MatMul,6,mlp_projection,gate_proj,1152,6912,float,onnx::MatMul_9908,31850496,4608,27648,once_per_decode_token,model.onnx_data,1863982592,1863982592,0,3,2,graph-derived,46,7962624,1152,27648,source_float32; accelerator cost uses explicit modeled-int8 transform,"Node order, shape, dtype, initializer and external-data offset are ONNX-derived; placement is deterministic modeled policy."
2224,/model/layers.6/mlp/up_proj/MatMul,,MatMul,6,mlp_projection,up_proj,1152,6912,float,onnx::MatMul_9909,31850496,4608,27648,once_per_decode_token,model.onnx_data,1895833088,1895833088,1,3,0,graph-derived,47,7962624,1152,27648,source_float32; accelerator cost uses explicit modeled-int8 transform,"Node order, shape, dtype, initializer and external-data offset are ONNX-derived; placement is deterministic modeled policy."
2226,/model/layers.6/mlp/down_proj/MatMul,,MatMul,6,mlp_projection,down_proj,6912,1152,float,onnx::MatMul_9910,31850496,27648,4608,once_per_decode_token,model.onnx_data,1927683584,1927683584,2,2,2,graph-derived,48,7962624,6912,4608,source_float32; accelerator cost uses explicit modeled-int8 transform,"Node order, shape, dtype, initializer and external-data offset are ONNX-derived; placement is deterministic modeled policy."
2256,/model/layers.7/self_attn/q_proj/MatMul,,MatMul,7,attention_projection,q_proj,1152,1024,float,onnx::MatMul_9915,4718592,4608,4096,once_per_decode_token,model.onnx_data,1959543296,1959543296,0,1,1,graph-derived,49,1179648,1152,4096,source_float32; accelerator cost uses explicit modeled-int8 transform,"Node order, shape, dtype, initializer and external-data offset are ONNX-derived; placement is deterministic modeled policy."
2280,/model/layers.7/self_attn/k_proj/MatMul,,MatMul,7,attention_projection,k_proj,1152,256,float,onnx::MatMul_9922,1179648,4608,1024,once_per_decode_token,model.onnx_data,1964261888,1964261888,1,3,3,graph-derived,50,294912,1152,1024,source_float32; accelerator cost uses explicit modeled-int8 transform,"Node order, shape, dtype, initializer and external-data offset are ONNX-derived; placement is deterministic modeled policy."
2283,/model/layers.7/self_attn/v_proj/MatMul,,MatMul,7,attention_projection,v_proj,1152,256,float,onnx::MatMul_9923,1179648,4608,1024,once_per_decode_token,model.onnx_data,1965441536,1965441536,2,1,1,graph-derived,51,294912,1152,1024,source_float32; accelerator cost uses explicit modeled-int8 transform,"Node order, shape, dtype, initializer and external-data offset are ONNX-derived; placement is deterministic modeled policy."
2480,/model/layers.7/self_attn/o_proj/MatMul,,MatMul,7,attention_projection,o_proj,1024,1152,float,onnx::MatMul_9950,4718592,4096,4608,once_per_decode_token,model.onnx_data,1966623232,1966623232,3,3,3,graph-derived,52,1179648,1024,4608,source_float32; accelerator cost uses explicit modeled-int8 transform,"Node order, shape, dtype, initializer and external-data offset are ONNX-derived; placement is deterministic modeled policy."
2504,/model/layers.7/mlp/gate_proj/MatMul,,MatMul,7,mlp_projection,gate_proj,1152,6912,float,onnx::MatMul_9955,31850496,4608,27648,once_per_decode_token,model.onnx_data,1971351040,1971351040,0,1,1,graph-derived,53,7962624,1152,27648,source_float32; accelerator cost uses explicit modeled-int8 transform,"Node order, shape, dtype, initializer and external-data offset are ONNX-derived; placement is deterministic modeled policy."
2518,/model/layers.7/mlp/up_proj/MatMul,,MatMul,7,mlp_projection,up_proj,1152,6912,float,onnx::MatMul_9956,31850496,4608,27648,once_per_decode_token,model.onnx_data,2003201536,2003201536,1,0,3,graph-derived,54,7962624,1152,27648,source_float32; accelerator cost uses explicit modeled-int8 transform,"Node order, shape, dtype, initializer and external-data offset are ONNX-derived; placement is deterministic modeled policy."
2520,/model/layers.7/mlp/down_proj/MatMul,,MatMul,7,mlp_projection,down_proj,6912,1152,float,onnx::MatMul_9957,31850496,27648,4608,once_per_decode_token,model.onnx_data,2035052032,2035052032,2,3,1,graph-derived,55,7962624,6912,4608,source_float32; accelerator cost uses explicit modeled-int8 transform,"Node order, shape, dtype, initializer and external-data offset are ONNX-derived; placement is deterministic modeled policy."
2550,/model/layers.8/self_attn/q_proj/MatMul,,MatMul,8,attention_projection,q_proj,1152,1024,float,onnx::MatMul_9962,4718592,4608,4096,once_per_decode_token,model.onnx_data,2066911744,2066911744,0,3,0,graph-derived,56,1179648,1152,4096,source_float32; accelerator cost uses explicit modeled-int8 transform,"Node order, shape, dtype, initializer and external-data offset are ONNX-derived; placement is deterministic modeled policy."
2574,/model/layers.8/self_attn/k_proj/MatMul,,MatMul,8,attention_projection,k_proj,1152,256,float,onnx::MatMul_9969,1179648,4608,1024,once_per_decode_token,model.onnx_data,2071630336,2071630336,1,0,2,graph-derived,57,294912,1152,1024,source_float32; accelerator cost uses explicit modeled-int8 transform,"Node order, shape, dtype, initializer and external-data offset are ONNX-derived; placement is deterministic modeled policy."
2577,/model/layers.8/self_attn/v_proj/MatMul,,MatMul,8,attention_projection,v_proj,1152,256,float,onnx::MatMul_9970,1179648,4608,1024,once_per_decode_token,model.onnx_data,2072809984,2072809984,2,2,0,graph-derived,58,294912,1152,1024,source_float32; accelerator cost uses explicit modeled-int8 transform,"Node order, shape, dtype, initializer and external-data offset are ONNX-derived; placement is deterministic modeled policy."
2774,/model/layers.8/self_attn/o_proj/MatMul,,MatMul,8,attention_projection,o_proj,1024,1152,float,onnx::MatMul_9997,4718592,4096,4608,once_per_decode_token,model.onnx_data,2073991680,2073991680,3,0,2,graph-derived,59,1179648,1024,4608,source_float32; accelerator cost uses explicit modeled-int8 transform,"Node order, shape, dtype, initializer and external-data offset are ONNX-derived; placement is deterministic modeled policy."
2798,/model/layers.8/mlp/gate_proj/MatMul,,MatMul,8,mlp_projection,gate_proj,1152,6912,float,onnx::MatMul_10002,31850496,4608,27648,once_per_decode_token,model.onnx_data,2078719488,2078719488,0,2,0,graph-derived,60,7962624,1152,27648,source_float32; accelerator cost uses explicit modeled-int8 transform,"Node order, shape, dtype, initializer and external-data offset are ONNX-derived; placement is deterministic modeled policy."
2812,/model/layers.8/mlp/up_proj/MatMul,,MatMul,8,mlp_projection,up_proj,1152,6912,float,onnx::MatMul_10003,31850496,4608,27648,once_per_decode_token,model.onnx_data,2110569984,2110569984,1,1,2,graph-derived,61,7962624,1152,27648,source_float32; accelerator cost uses explicit modeled-int8 transform,"Node order, shape, dtype, initializer and external-data offset are ONNX-derived; placement is deterministic modeled policy."
2814,/model/layers.8/mlp/down_proj/MatMul,,MatMul,8,mlp_projection,down_proj,6912,1152,float,onnx::MatMul_10004,31850496,27648,4608,once_per_decode_token,model.onnx_data,2142420480,2142420480,2,1,0,graph-derived,62,7962624,6912,4608,source_float32; accelerator cost uses explicit modeled-int8 transform,"Node order, shape, dtype, initializer and external-data offset are ONNX-derived; placement is deterministic modeled policy."
2844,/model/layers.9/self_attn/q_proj/MatMul,,MatMul,9,attention_projection,q_proj,1152,1024,float,onnx::MatMul_10009,4718592,4608,4096,once_per_decode_token,model.onnx_data,2174280192,2174280192,0,0,3,graph-derived,63,1179648,1152,4096,source_float32; accelerator cost uses explicit modeled-int8 transform,"Node order, shape, dtype, initializer and external-data offset are ONNX-derived; placement is deterministic modeled policy."
2868,/model/layers.9/self_attn/k_proj/MatMul,,MatMul,9,attention_projection,k_proj,1152,256,float,onnx::MatMul_10016,1179648,4608,1024,once_per_decode_token,model.onnx_data,2178998784,2178998784,1,2,1,graph-derived,64,294912,1152,1024,source_float32; accelerator cost uses explicit modeled-int8 transform,"Node order, shape, dtype, initializer and external-data offset are ONNX-derived; placement is deterministic modeled policy."
2871,/model/layers.9/self_attn/v_proj/MatMul,,MatMul,9,attention_projection,v_proj,1152,256,float,onnx::MatMul_10017,1179648,4608,1024,once_per_decode_token,model.onnx_data,2180178432,2180178432,2,0,3,graph-derived,65,294912,1152,1024,source_float32; accelerator cost uses explicit modeled-int8 transform,"Node order, shape, dtype, initializer and external-data offset are ONNX-derived; placement is deterministic modeled policy."
3068,/model/layers.9/self_attn/o_proj/MatMul,,MatMul,9,attention_projection,o_proj,1024,1152,float,onnx::MatMul_10044,4718592,4096,4608,once_per_decode_token,model.onnx_data,2181360128,2181360128,3,2,1,graph-derived,66,1179648,1024,4608,source_float32; accelerator cost uses explicit modeled-int8 transform,"Node order, shape, dtype, initializer and external-data offset are ONNX-derived; placement is deterministic modeled policy."
3092,/model/layers.9/mlp/gate_proj/MatMul,,MatMul,9,mlp_projection,gate_proj,1152,6912,float,onnx::MatMul_10049,31850496,4608,27648,once_per_decode_token,model.onnx_data,2186087936,2186087936,0,3,3,graph-derived,67,7962624,1152,27648,source_float32; accelerator cost uses explicit modeled-int8 transform,"Node order, shape, dtype, initializer and external-data offset are ONNX-derived; placement is deterministic modeled policy."
3106,/model/layers.9/mlp/up_proj/MatMul,,MatMul,9,mlp_projection,up_proj,1152,6912,float,onnx::MatMul_10050,31850496,4608,27648,once_per_decode_token,model.onnx_data,2217938432,2217938432,1,3,1,graph-derived,68,7962624,1152,27648,source_float32; accelerator cost uses explicit modeled-int8 transform,"Node order, shape, dtype, initializer and external-data offset are ONNX-derived; placement is deterministic modeled policy."
3108,/model/layers.9/mlp/down_proj/MatMul,,MatMul,9,mlp_projection,down_proj,6912,1152,float,onnx::MatMul_10051,31850496,27648,4608,once_per_decode_token,model.onnx_data,2249788928,2249788928,2,2,3,graph-derived,69,7962624,6912,4608,source_float32; accelerator cost uses explicit modeled-int8 transform,"Node order, shape, dtype, initializer and external-data offset are ONNX-derived; placement is deterministic modeled policy."
3138,/model/layers.10/self_attn/q_proj/MatMul,,MatMul,10,attention_projection,q_proj,1152,1024,float,onnx::MatMul_10056,4718592,4608,4096,once_per_decode_token,model.onnx_data,2281648640,2281648640,0,1,2,graph-derived,70,1179648,1152,4096,source_float32; accelerator cost uses explicit modeled-int8 transform,"Node order, shape, dtype, initializer and external-data offset are ONNX-derived; placement is deterministic modeled policy."
3162,/model/layers.10/self_attn/k_proj/MatMul,,MatMul,10,attention_projection,k_proj,1152,256,float,onnx::MatMul_10063,1179648,4608,1024,once_per_decode_token,model.onnx_data,2286367232,2286367232,1,3,0,graph-derived,71,294912,1152,1024,source_float32; accelerator cost uses explicit modeled-int8 transform,"Node order, shape, dtype, initializer and external-data offset are ONNX-derived; placement is deterministic modeled policy."
3165,/model/layers.10/self_attn/v_proj/MatMul,,MatMul,10,attention_projection,v_proj,1152,256,float,onnx::MatMul_10064,1179648,4608,1024,once_per_decode_token,model.onnx_data,2287546880,2287546880,2,1,2,graph-derived,72,294912,1152,1024,source_float32; accelerator cost uses explicit modeled-int8 transform,"Node order, shape, dtype, initializer and external-data offset are ONNX-derived; placement is deterministic modeled policy."
3362,/model/layers.10/self_attn/o_proj/MatMul,,MatMul,10,attention_projection,o_proj,1024,1152,float,onnx::MatMul_10091,4718592,4096,4608,once_per_decode_token,model.onnx_data,2288728576,2288728576,3,3,0,graph-derived,73,1179648,1024,4608,source_float32; accelerator cost uses explicit modeled-int8 transform,"Node order, shape, dtype, initializer and external-data offset are ONNX-derived; placement is deterministic modeled policy."
3386,/model/layers.10/mlp/gate_proj/MatMul,,MatMul,10,mlp_projection,gate_proj,1152,6912,float,onnx::MatMul_10096,31850496,4608,27648,once_per_decode_token,model.onnx_data,2293456384,2293456384,0,1,2,graph-derived,74,7962624,1152,27648,source_float32; accelerator cost uses explicit modeled-int8 transform,"Node order, shape, dtype, initializer and external-data offset are ONNX-derived; placement is deterministic modeled policy."
3400,/model/layers.10/mlp/up_proj/MatMul,,MatMul,10,mlp_projection,up_proj,1152,6912,float,onnx::MatMul_10097,31850496,4608,27648,once_per_decode_token,model.onnx_data,2325306880,2325306880,1,0,0,graph-derived,75,7962624,1152,27648,source_float32; accelerator cost uses explicit modeled-int8 transform,"Node order, shape, dtype, initializer and external-data offset are ONNX-derived; placement is deterministic modeled policy."
3402,/model/layers.10/mlp/down_proj/MatMul,,MatMul,10,mlp_projection,down_proj,6912,1152,float,onnx::MatMul_10098,31850496,27648,4608,once_per_decode_token,model.onnx_data,2357157376,2357157376,2,3,2,graph-derived,76,7962624,6912,4608,source_float32; accelerator cost uses explicit modeled-int8 transform,"Node order, shape, dtype, initializer and external-data offset are ONNX-derived; placement is deterministic modeled policy."
3432,/model/layers.11/self_attn/q_proj/MatMul,,MatMul,11,attention_projection,q_proj,1152,1024,float,onnx::MatMul_10103,4718592,4608,4096,once_per_decode_token,model.onnx_data,2389017088,2389017088,0,3,1,graph-derived,77,1179648,1152,4096,source_float32; accelerator cost uses explicit modeled-int8 transform,"Node order, shape, dtype, initializer and external-data offset are ONNX-derived; placement is deterministic modeled policy."
3456,/model/layers.11/self_attn/k_proj/MatMul,,MatMul,11,attention_projection,k_proj,1152,256,float,onnx::MatMul_10110,1179648,4608,1024,once_per_decode_token,model.onnx_data,2393735680,2393735680,1,0,3,graph-derived,78,294912,1152,1024,source_float32; accelerator cost uses explicit modeled-int8 transform,"Node order, shape, dtype, initializer and external-data offset are ONNX-derived; placement is deterministic modeled policy."
3459,/model/layers.11/self_attn/v_proj/MatMul,,MatMul,11,attention_projection,v_proj,1152,256,float,onnx::MatMul_10111,1179648,4608,1024,once_per_decode_token,model.onnx_data,2394915328,2394915328,2,2,1,graph-derived,79,294912,1152,1024,source_float32; accelerator cost uses explicit modeled-int8 transform,"Node order, shape, dtype, initializer and external-data offset are ONNX-derived; placement is deterministic modeled policy."
3656,/model/layers.11/self_attn/o_proj/MatMul,,MatMul,11,attention_projection,o_proj,1024,1152,float,onnx::MatMul_10138,4718592,4096,4608,once_per_decode_token,model.onnx_data,2396097024,2396097024,3,1,3,graph-derived,80,1179648,1024,4608,source_float32; accelerator cost uses explicit modeled-int8 transform,"Node order, shape, dtype, initializer and external-data offset are ONNX-derived; placement is deterministic modeled policy."
3680,/model/layers.11/mlp/gate_proj/MatMul,,MatMul,11,mlp_projection,gate_proj,1152,6912,float,onnx::MatMul_10143,31850496,4608,27648,once_per_decode_token,model.onnx_data,2400824832,2400824832,0,2,1,graph-derived,81,7962624,1152,27648,source_float32; accelerator cost uses explicit modeled-int8 transform,"Node order, shape, dtype, initializer and external-data offset are ONNX-derived; placement is deterministic modeled policy."
3694,/model/layers.11/mlp/up_proj/MatMul,,MatMul,11,mlp_projection,up_proj,1152,6912,float,onnx::MatMul_10144,31850496,4608,27648,once_per_decode_token,model.onnx_data,2432675328,2432675328,1,1,3,graph-derived,82,7962624,1152,27648,source_float32; accelerator cost uses explicit modeled-int8 transform,"Node order, shape, dtype, initializer and external-data offset are ONNX-derived; placement is deterministic modeled policy."
3696,/model/layers.11/mlp/down_proj/MatMul,,MatMul,11,mlp_projection,down_proj,6912,1152,float,onnx::MatMul_10145,31850496,27648,4608,once_per_decode_token,model.onnx_data,2464525824,2464525824,2,1,1,graph-derived,83,7962624,6912,4608,source_float32; accelerator cost uses explicit modeled-int8 transform,"Node order, shape, dtype, initializer and external-data offset are ONNX-derived; placement is deterministic modeled policy."
3726,/model/layers.12/self_attn/q_proj/MatMul,,MatMul,12,attention_projection,q_proj,1152,1024,float,onnx::MatMul_10150,4718592,4608,4096,once_per_decode_token,model.onnx_data,2496385536,2496385536,0,0,0,graph-derived,84,1179648,1152,4096,source_float32; accelerator cost uses explicit modeled-int8 transform,"Node order, shape, dtype, initializer and external-data offset are ONNX-derived; placement is deterministic modeled policy."
3750,/model/layers.12/self_attn/k_proj/MatMul,,MatMul,12,attention_projection,k_proj,1152,256,float,onnx::MatMul_10157,1179648,4608,1024,once_per_decode_token,model.onnx_data,2501104128,2501104128,1,2,2,graph-derived,85,294912,1152,1024,source_float32; accelerator cost uses explicit modeled-int8 transform,"Node order, shape, dtype, initializer and external-data offset are ONNX-derived; placement is deterministic modeled policy."
3753,/model/layers.12/self_attn/v_proj/MatMul,,MatMul,12,attention_projection,v_proj,1152,256,float,onnx::MatMul_10158,1179648,4608,1024,once_per_decode_token,model.onnx_data,2502283776,2502283776,2,0,0,graph-derived,86,294912,1152,1024,source_float32; accelerator cost uses explicit modeled-int8 transform,"Node order, shape, dtype, initializer and external-data offset are ONNX-derived; placement is deterministic modeled policy."
3950,/model/layers.12/self_attn/o_proj/MatMul,,MatMul,12,attention_projection,o_proj,1024,1152,float,onnx::MatMul_10185,4718592,4096,4608,once_per_decode_token,model.onnx_data,2503465472,2503465472,3,2,2,graph-derived,87,1179648,1024,4608,source_float32; accelerator cost uses explicit modeled-int8 transform,"Node order, shape, dtype, initializer and external-data offset are ONNX-derived; placement is deterministic modeled policy."
3974,/model/layers.12/mlp/gate_proj/MatMul,,MatMul,12,mlp_projection,gate_proj,1152,6912,float,onnx::MatMul_10190,31850496,4608,27648,once_per_decode_token,model.onnx_data,2508193280,2508193280,0,3,0,graph-derived,88,7962624,1152,27648,source_float32; accelerator cost uses explicit modeled-int8 transform,"Node order, shape, dtype, initializer and external-data offset are ONNX-derived; placement is deterministic modeled policy."
3988,/model/layers.12/mlp/up_proj/MatMul,,MatMul,12,mlp_projection,up_proj,1152,6912,float,onnx::MatMul_10191,31850496,4608,27648,once_per_decode_token,model.onnx_data,2540043776,2540043776,1,3,2,graph-derived,89,7962624,1152,27648,source_float32; accelerator cost uses explicit modeled-int8 transform,"Node order, shape, dtype, initializer and external-data offset are ONNX-derived; placement is deterministic modeled policy."
3990,/model/layers.12/mlp/down_proj/MatMul,,MatMul,12,mlp_projection,down_proj,6912,1152,float,onnx::MatMul_10192,31850496,27648,4608,once_per_decode_token,model.onnx_data,2571894272,2571894272,2,2,0,graph-derived,90,7962624,6912,4608,source_float32; accelerator cost uses explicit modeled-int8 transform,"Node order, shape, dtype, initializer and external-data offset are ONNX-derived; placement is deterministic modeled policy."
4020,/model/layers.13/self_attn/q_proj/MatMul,,MatMul,13,attention_projection,q_proj,1152,1024,float,onnx::MatMul_10197,4718592,4608,4096,once_per_decode_token,model.onnx_data,2603753984,2603753984,0,2,3,graph-derived,91,1179648,1152,4096,source_float32; accelerator cost uses explicit modeled-int8 transform,"Node order, shape, dtype, initializer and external-data offset are ONNX-derived; placement is deterministic modeled policy."
4044,/model/layers.13/self_attn/k_proj/MatMul,,MatMul,13,attention_projection,k_proj,1152,256,float,onnx::MatMul_10204,1179648,4608,1024,once_per_decode_token,model.onnx_data,2608472576,2608472576,1,3,1,graph-derived,92,294912,1152,1024,source_float32; accelerator cost uses explicit modeled-int8 transform,"Node order, shape, dtype, initializer and external-data offset are ONNX-derived; placement is deterministic modeled policy."
4047,/model/layers.13/self_attn/v_proj/MatMul,,MatMul,13,attention_projection,v_proj,1152,256,float,onnx::MatMul_10205,1179648,4608,1024,once_per_decode_token,model.onnx_data,2609652224,2609652224,2,1,3,graph-derived,93,294912,1152,1024,source_float32; accelerator cost uses explicit modeled-int8 transform,"Node order, shape, dtype, initializer and external-data offset are ONNX-derived; placement is deterministic modeled policy."
4244,/model/layers.13/self_attn/o_proj/MatMul,,MatMul,13,attention_projection,o_proj,1024,1152,float,onnx::MatMul_10232,4718592,4096,4608,once_per_decode_token,model.onnx_data,2610833920,2610833920,3,3,1,graph-derived,94,1179648,1024,4608,source_float32; accelerator cost uses explicit modeled-int8 transform,"Node order, shape, dtype, initializer and external-data offset are ONNX-derived; placement is deterministic modeled policy."
4268,/model/layers.13/mlp/gate_proj/MatMul,,MatMul,13,mlp_projection,gate_proj,1152,6912,float,onnx::MatMul_10237,31850496,4608,27648,once_per_decode_token,model.onnx_data,2615561728,2615561728,0,1,3,graph-derived,95,7962624,1152,27648,source_float32; accelerator cost uses explicit modeled-int8 transform,"Node order, shape, dtype, initializer and external-data offset are ONNX-derived; placement is deterministic modeled policy."
4282,/model/layers.13/mlp/up_proj/MatMul,,MatMul,13,mlp_projection,up_proj,1152,6912,float,onnx::MatMul_10238,31850496,4608,27648,once_per_decode_token,model.onnx_data,2647412224,2647412224,1,0,1,graph-derived,96,7962624,1152,27648,source_float32; accelerator cost uses explicit modeled-int8 transform,"Node order, shape, dtype, initializer and external-data offset are ONNX-derived; placement is deterministic modeled policy."
4284,/model/layers.13/mlp/down_proj/MatMul,,MatMul,13,mlp_projection,down_proj,6912,1152,float,onnx::MatMul_10239,31850496,27648,4608,once_per_decode_token,model.onnx_data,2679262720,2679262720,2,0,3,graph-derived,97,7962624,6912,4608,source_float32; accelerator cost uses explicit modeled-int8 transform,"Node order, shape, dtype, initializer and external-data offset are ONNX-derived; placement is deterministic modeled policy."
4314,/model/layers.14/self_attn/q_proj/MatMul,,MatMul,14,attention_projection,q_proj,1152,1024,float,onnx::MatMul_10244,4718592,4608,4096,once_per_decode_token,model.onnx_data,2711122432,2711122432,0,3,2,graph-derived,98,1179648,1152,4096,source_float32; accelerator cost uses explicit modeled-int8 transform,"Node order, shape, dtype, initializer and external-data offset are ONNX-derived; placement is deterministic modeled policy."
4338,/model/layers.14/self_attn/k_proj/MatMul,,MatMul,14,attention_projection,k_proj,1152,256,float,onnx::MatMul_10251,1179648,4608,1024,once_per_decode_token,model.onnx_data,2715841024,2715841024,1,1,0,graph-derived,99,294912,1152,1024,source_float32; accelerator cost uses explicit modeled-int8 transform,"Node order, shape, dtype, initializer and external-data offset are ONNX-derived; placement is deterministic modeled policy."
4341,/model/layers.14/self_attn/v_proj/MatMul,,MatMul,14,attention_projection,v_proj,1152,256,float,onnx::MatMul_10252,1179648,4608,1024,once_per_decode_token,model.onnx_data,2717020672,2717020672,2,3,2,graph-derived,100,294912,1152,1024,source_float32; accelerator cost uses explicit modeled-int8 transform,"Node order, shape, dtype, initializer and external-data offset are ONNX-derived; placement is deterministic modeled policy."
4538,/model/layers.14/self_attn/o_proj/MatMul,,MatMul,14,attention_projection,o_proj,1024,1152,float,onnx::MatMul_10279,4718592,4096,4608,once_per_decode_token,model.onnx_data,2718202368,2718202368,3,1,0,graph-derived,101,1179648,1024,4608,source_float32; accelerator cost uses explicit modeled-int8 transform,"Node order, shape, dtype, initializer and external-data offset are ONNX-derived; placement is deterministic modeled policy."
4562,/model/layers.14/mlp/gate_proj/MatMul,,MatMul,14,mlp_projection,gate_proj,1152,6912,float,onnx::MatMul_10284,31850496,4608,27648,once_per_decode_token,model.onnx_data,2722930176,2722930176,0,2,2,graph-derived,102,7962624,1152,27648,source_float32; accelerator cost uses explicit modeled-int8 transform,"Node order, shape, dtype, initializer and external-data offset are ONNX-derived; placement is deterministic modeled policy."
4576,/model/layers.14/mlp/up_proj/MatMul,,MatMul,14,mlp_projection,up_proj,1152,6912,float,onnx::MatMul_10285,31850496,4608,27648,once_per_decode_token,model.onnx_data,2754780672,2754780672,1,2,0,graph-derived,103,7962624,1152,27648,source_float32; accelerator cost uses explicit modeled-int8 transform,"Node order, shape, dtype, initializer and external-data offset are ONNX-derived; placement is deterministic modeled policy."
4578,/model/layers.14/mlp/down_proj/MatMul,,MatMul,14,mlp_projection,down_proj,6912,1152,float,onnx::MatMul_10286,31850496,27648,4608,once_per_decode_token,model.onnx_data,2786631168,2786631168,2,1,2,graph-derived,104,7962624,6912,4608,source_float32; accelerator cost uses explicit modeled-int8 transform,"Node order, shape, dtype, initializer and external-data offset are ONNX-derived; placement is deterministic modeled policy."
4608,/model/layers.15/self_attn/q_proj/MatMul,,MatMul,15,attention_projection,q_proj,1152,1024,float,onnx::MatMul_10291,4718592,4608,4096,once_per_decode_token,model.onnx_data,2818490880,2818490880,0,0,1,graph-derived,105,1179648,1152,4096,source_float32; accelerator cost uses explicit modeled-int8 transform,"Node order, shape, dtype, initializer and external-data offset are ONNX-derived; placement is deterministic modeled policy."
4632,/model/layers.15/self_attn/k_proj/MatMul,,MatMul,15,attention_projection,k_proj,1152,256,float,onnx::MatMul_10298,1179648,4608,1024,once_per_decode_token,model.onnx_data,2823209472,2823209472,1,2,3,graph-derived,106,294912,1152,1024,source_float32; accelerator cost uses explicit modeled-int8 transform,"Node order, shape, dtype, initializer and external-data offset are ONNX-derived; placement is deterministic modeled policy."
4635,/model/layers.15/self_attn/v_proj/MatMul,,MatMul,15,attention_projection,v_proj,1152,256,float,onnx::MatMul_10299,1179648,4608,1024,once_per_decode_token,model.onnx_data,2824389120,2824389120,2,0,1,graph-derived,107,294912,1152,1024,source_float32; accelerator cost uses explicit modeled-int8 transform,"Node order, shape, dtype, initializer and external-data offset are ONNX-derived; placement is deterministic modeled policy."
4832,/model/layers.15/self_attn/o_proj/MatMul,,MatMul,15,attention_projection,o_proj,1024,1152,float,onnx::MatMul_10326,4718592,4096,4608,once_per_decode_token,model.onnx_data,2825570816,2825570816,3,2,3,graph-derived,108,1179648,1024,4608,source_float32; accelerator cost uses explicit modeled-int8 transform,"Node order, shape, dtype, initializer and external-data offset are ONNX-derived; placement is deterministic modeled policy."
4856,/model/layers.15/mlp/gate_proj/MatMul,,MatMul,15,mlp_projection,gate_proj,1152,6912,float,onnx::MatMul_10331,31850496,4608,27648,once_per_decode_token,model.onnx_data,2830298624,2830298624,0,0,1,graph-derived,109,7962624,1152,27648,source_float32; accelerator cost uses explicit modeled-int8 transform,"Node order, shape, dtype, initializer and external-data offset are ONNX-derived; placement is deterministic modeled policy."
4870,/model/layers.15/mlp/up_proj/MatMul,,MatMul,15,mlp_projection,up_proj,1152,6912,float,onnx::MatMul_10332,31850496,4608,27648,once_per_decode_token,model.onnx_data,2862149120,2862149120,1,3,3,graph-derived,110,7962624,1152,27648,source_float32; accelerator cost uses explicit modeled-int8 transform,"Node order, shape, dtype, initializer and external-data offset are ONNX-derived; placement is deterministic modeled policy."
4872,/model/layers.15/mlp/down_proj/MatMul,,MatMul,15,mlp_projection,down_proj,6912,1152,float,onnx::MatMul_10333,31850496,27648,4608,once_per_decode_token,model.onnx_data,2893999616,2893999616,2,2,1,graph-derived,111,7962624,6912,4608,source_float32; accelerator cost uses explicit modeled-int8 transform,"Node order, shape, dtype, initializer and external-data offset are ONNX-derived; placement is deterministic modeled policy."
4902,/model/layers.16/self_attn/q_proj/MatMul,,MatMul,16,attention_projection,q_proj,1152,1024,float,onnx::MatMul_10338,4718592,4608,4096,once_per_decode_token,model.onnx_data,2925859328,2925859328,0,2,0,graph-derived,112,1179648,1152,4096,source_float32; accelerator cost uses explicit modeled-int8 transform,"Node order, shape, dtype, initializer and external-data offset are ONNX-derived; placement is deterministic modeled policy."
4926,/model/layers.16/self_attn/k_proj/MatMul,,MatMul,16,attention_projection,k_proj,1152,256,float,onnx::MatMul_10345,1179648,4608,1024,once_per_decode_token,model.onnx_data,2930577920,2930577920,1,3,2,graph-derived,113,294912,1152,1024,source_float32; accelerator cost uses explicit modeled-int8 transform,"Node order, shape, dtype, initializer and external-data offset are ONNX-derived; placement is deterministic modeled policy."
4929,/model/layers.16/self_attn/v_proj/MatMul,,MatMul,16,attention_projection,v_proj,1152,256,float,onnx::MatMul_10346,1179648,4608,1024,once_per_decode_token,model.onnx_data,2931757568,2931757568,2,1,0,graph-derived,114,294912,1152,1024,source_float32; accelerator cost uses explicit modeled-int8 transform,"Node order, shape, dtype, initializer and external-data offset are ONNX-derived; placement is deterministic modeled policy."
5126,/model/layers.16/self_attn/o_proj/MatMul,,MatMul,16,attention_projection,o_proj,1024,1152,float,onnx::MatMul_10373,4718592,4096,4608,once_per_decode_token,model.onnx_data,2932939264,2932939264,3,0,2,graph-derived,115,1179648,1024,4608,source_float32; accelerator cost uses explicit modeled-int8 transform,"Node order, shape, dtype, initializer and external-data offset are ONNX-derived; placement is deterministic modeled policy."
5150,/model/layers.16/mlp/gate_proj/MatMul,,MatMul,16,mlp_projection,gate_proj,1152,6912,float,onnx::MatMul_10378,31850496,4608,27648,once_per_decode_token,model.onnx_data,2937667072,2937667072,0,1,0,graph-derived,116,7962624,1152,27648,source_float32; accelerator cost uses explicit modeled-int8 transform,"Node order, shape, dtype, initializer and external-data offset are ONNX-derived; placement is deterministic modeled policy."
5164,/model/layers.16/mlp/up_proj/MatMul,,MatMul,16,mlp_projection,up_proj,1152,6912,float,onnx::MatMul_10379,31850496,4608,27648,once_per_decode_token,model.onnx_data,2969517568,2969517568,1,0,2,graph-derived,117,7962624,1152,27648,source_float32; accelerator cost uses explicit modeled-int8 transform,"Node order, shape, dtype, initializer and external-data offset are ONNX-derived; placement is deterministic modeled policy."
5166,/model/layers.16/mlp/down_proj/MatMul,,MatMul,16,mlp_projection,down_proj,6912,1152,float,onnx::MatMul_10380,31850496,27648,4608,once_per_decode_token,model.onnx_data,3001368064,3001368064,2,0,0,graph-derived,118,7962624,6912,4608,source_float32; accelerator cost uses explicit modeled-int8 transform,"Node order, shape, dtype, initializer and external-data offset are ONNX-derived; placement is deterministic modeled policy."
5196,/model/layers.17/self_attn/q_proj/MatMul,,MatMul,17,attention_projection,q_proj,1152,1024,float,onnx::MatMul_10385,4718592,4608,4096,once_per_decode_token,model.onnx_data,3033227776,3033227776,0,3,3,graph-derived,119,1179648,1152,4096,source_float32; accelerator cost uses explicit modeled-int8 transform,"Node order, shape, dtype, initializer and external-data offset are ONNX-derived; placement is deterministic modeled policy."
5220,/model/layers.17/self_attn/k_proj/MatMul,,MatMul,17,attention_projection,k_proj,1152,256,float,onnx::MatMul_10392,1179648,4608,1024,once_per_decode_token,model.onnx_data,3037946368,3037946368,1,1,1,graph-derived,120,294912,1152,1024,source_float32; accelerator cost uses explicit modeled-int8 transform,"Node order, shape, dtype, initializer and external-data offset are ONNX-derived; placement is deterministic modeled policy."
5223,/model/layers.17/self_attn/v_proj/MatMul,,MatMul,17,attention_projection,v_proj,1152,256,float,onnx::MatMul_10393,1179648,4608,1024,once_per_decode_token,model.onnx_data,3039126016,3039126016,2,3,3,graph-derived,121,294912,1152,1024,source_float32; accelerator cost uses explicit modeled-int8 transform,"Node order, shape, dtype, initializer and external-data offset are ONNX-derived; placement is deterministic modeled policy."
5420,/model/layers.17/self_attn/o_proj/MatMul,,MatMul,17,attention_projection,o_proj,1024,1152,float,onnx::MatMul_10420,4718592,4096,4608,once_per_decode_token,model.onnx_data,3040307712,3040307712,3,1,1,graph-derived,122,1179648,1024,4608,source_float32; accelerator cost uses explicit modeled-int8 transform,"Node order, shape, dtype, initializer and external-data offset are ONNX-derived; placement is deterministic modeled policy."
5444,/model/layers.17/mlp/gate_proj/MatMul,,MatMul,17,mlp_projection,gate_proj,1152,6912,float,onnx::MatMul_10425,31850496,4608,27648,once_per_decode_token,model.onnx_data,3045035520,3045035520,0,2,3,graph-derived,123,7962624,1152,27648,source_float32; accelerator cost uses explicit modeled-int8 transform,"Node order, shape, dtype, initializer and external-data offset are ONNX-derived; placement is deterministic modeled policy."
5458,/model/layers.17/mlp/up_proj/MatMul,,MatMul,17,mlp_projection,up_proj,1152,6912,float,onnx::MatMul_10426,31850496,4608,27648,once_per_decode_token,model.onnx_data,3076886016,3076886016,1,2,1,graph-derived,124,7962624,1152,27648,source_float32; accelerator cost uses explicit modeled-int8 transform,"Node order, shape, dtype, initializer and external-data offset are ONNX-derived; placement is deterministic modeled policy."
5460,/model/layers.17/mlp/down_proj/MatMul,,MatMul,17,mlp_projection,down_proj,6912,1152,float,onnx::MatMul_10427,31850496,27648,4608,once_per_decode_token,model.onnx_data,3108736512,3108736512,2,1,3,graph-derived,125,7962624,6912,4608,source_float32; accelerator cost uses explicit modeled-int8 transform,"Node order, shape, dtype, initializer and external-data offset are ONNX-derived; placement is deterministic modeled policy."
5490,/model/layers.18/self_attn/q_proj/MatMul,,MatMul,18,attention_projection,q_proj,1152,1024,float,onnx::MatMul_10432,4718592,4608,4096,once_per_decode_token,model.onnx_data,3140596224,3140596224,0,1,2,graph-derived,126,1179648,1152,4096,source_float32; accelerator cost uses explicit modeled-int8 transform,"Node order, shape, dtype, initializer and external-data offset are ONNX-derived; placement is deterministic modeled policy."
5514,/model/layers.18/self_attn/k_proj/MatMul,,MatMul,18,attention_projection,k_proj,1152,256,float,onnx::MatMul_10439,1179648,4608,1024,once_per_decode_token,model.onnx_data,3145314816,3145314816,1,2,0,graph-derived,127,294912,1152,1024,source_float32; accelerator cost uses explicit modeled-int8 transform,"Node order, shape, dtype, initializer and external-data offset are ONNX-derived; placement is deterministic modeled policy."
5517,/model/layers.18/self_attn/v_proj/MatMul,,MatMul,18,attention_projection,v_proj,1152,256,float,onnx::MatMul_10440,1179648,4608,1024,once_per_decode_token,model.onnx_data,3146494464,3146494464,2,0,2,graph-derived,128,294912,1152,1024,source_float32; accelerator cost uses explicit modeled-int8 transform,"Node order, shape, dtype, initializer and external-data offset are ONNX-derived; placement is deterministic modeled policy."
5714,/model/layers.18/self_attn/o_proj/MatMul,,MatMul,18,attention_projection,o_proj,1024,1152,float,onnx::MatMul_10467,4718592,4096,4608,once_per_decode_token,model.onnx_data,3147676160,3147676160,3,2,0,graph-derived,129,1179648,1024,4608,source_float32; accelerator cost uses explicit modeled-int8 transform,"Node order, shape, dtype, initializer and external-data offset are ONNX-derived; placement is deterministic modeled policy."
5738,/model/layers.18/mlp/gate_proj/MatMul,,MatMul,18,mlp_projection,gate_proj,1152,6912,float,onnx::MatMul_10472,31850496,4608,27648,once_per_decode_token,model.onnx_data,3152403968,3152403968,0,0,2,graph-derived,130,7962624,1152,27648,source_float32; accelerator cost uses explicit modeled-int8 transform,"Node order, shape, dtype, initializer and external-data offset are ONNX-derived; placement is deterministic modeled policy."
5752,/model/layers.18/mlp/up_proj/MatMul,,MatMul,18,mlp_projection,up_proj,1152,6912,float,onnx::MatMul_10473,31850496,4608,27648,once_per_decode_token,model.onnx_data,3184254464,3184254464,1,3,0,graph-derived,131,7962624,1152,27648,source_float32; accelerator cost uses explicit modeled-int8 transform,"Node order, shape, dtype, initializer and external-data offset are ONNX-derived; placement is deterministic modeled policy."
5754,/model/layers.18/mlp/down_proj/MatMul,,MatMul,18,mlp_projection,down_proj,6912,1152,float,onnx::MatMul_10474,31850496,27648,4608,once_per_decode_token,model.onnx_data,3216104960,3216104960,2,3,2,graph-derived,132,7962624,6912,4608,source_float32; accelerator cost uses explicit modeled-int8 transform,"Node order, shape, dtype, initializer and external-data offset are ONNX-derived; placement is deterministic modeled policy."
5784,/model/layers.19/self_attn/q_proj/MatMul,,MatMul,19,attention_projection,q_proj,1152,1024,float,onnx::MatMul_10479,4718592,4608,4096,once_per_decode_token,model.onnx_data,3247964672,3247964672,0,2,1,graph-derived,133,1179648,1152,4096,source_float32; accelerator cost uses explicit modeled-int8 transform,"Node order, shape, dtype, initializer and external-data offset are ONNX-derived; placement is deterministic modeled policy."
5808,/model/layers.19/self_attn/k_proj/MatMul,,MatMul,19,attention_projection,k_proj,1152,256,float,onnx::MatMul_10486,1179648,4608,1024,once_per_decode_token,model.onnx_data,3252683264,3252683264,1,0,3,graph-derived,134,294912,1152,1024,source_float32; accelerator cost uses explicit modeled-int8 transform,"Node order, shape, dtype, initializer and external-data offset are ONNX-derived; placement is deterministic modeled policy."
5811,/model/layers.19/self_attn/v_proj/MatMul,,MatMul,19,attention_projection,v_proj,1152,256,float,onnx::MatMul_10487,1179648,4608,1024,once_per_decode_token,model.onnx_data,3253862912,3253862912,2,2,1,graph-derived,135,294912,1152,1024,source_float32; accelerator cost uses explicit modeled-int8 transform,"Node order, shape, dtype, initializer and external-data offset are ONNX-derived; placement is deterministic modeled policy."
6008,/model/layers.19/self_attn/o_proj/MatMul,,MatMul,19,attention_projection,o_proj,1024,1152,float,onnx::MatMul_10514,4718592,4096,4608,once_per_decode_token,model.onnx_data,3255044608,3255044608,3,0,3,graph-derived,136,1179648,1024,4608,source_float32; accelerator cost uses explicit modeled-int8 transform,"Node order, shape, dtype, initializer and external-data offset are ONNX-derived; placement is deterministic modeled policy."
6032,/model/layers.19/mlp/gate_proj/MatMul,,MatMul,19,mlp_projection,gate_proj,1152,6912,float,onnx::MatMul_10519,31850496,4608,27648,once_per_decode_token,model.onnx_data,3259772416,3259772416,0,1,1,graph-derived,137,7962624,1152,27648,source_float32; accelerator cost uses explicit modeled-int8 transform,"Node order, shape, dtype, initializer and external-data offset are ONNX-derived; placement is deterministic modeled policy."
6046,/model/layers.19/mlp/up_proj/MatMul,,MatMul,19,mlp_projection,up_proj,1152,6912,float,onnx::MatMul_10520,31850496,4608,27648,once_per_decode_token,model.onnx_data,3291622912,3291622912,1,1,3,graph-derived,138,7962624,1152,27648,source_float32; accelerator cost uses explicit modeled-int8 transform,"Node order, shape, dtype, initializer and external-data offset are ONNX-derived; placement is deterministic modeled policy."
6048,/model/layers.19/mlp/down_proj/MatMul,,MatMul,19,mlp_projection,down_proj,6912,1152,float,onnx::MatMul_10521,31850496,27648,4608,once_per_decode_token,model.onnx_data,3323473408,3323473408,2,0,1,graph-derived,139,7962624,6912,4608,source_float32; accelerator cost uses explicit modeled-int8 transform,"Node order, shape, dtype, initializer and external-data offset are ONNX-derived; placement is deterministic modeled policy."
6078,/model/layers.20/self_attn/q_proj/MatMul,,MatMul,20,attention_projection,q_proj,1152,1024,float,onnx::MatMul_10526,4718592,4608,4096,once_per_decode_token,model.onnx_data,3355333120,3355333120,0,3,0,graph-derived,140,1179648,1152,4096,source_float32; accelerator cost uses explicit modeled-int8 transform,"Node order, shape, dtype, initializer and external-data offset are ONNX-derived; placement is deterministic modeled policy."
6102,/model/layers.20/self_attn/k_proj/MatMul,,MatMul,20,attention_projection,k_proj,1152,256,float,onnx::MatMul_10533,1179648,4608,1024,once_per_decode_token,model.onnx_data,3360051712,3360051712,1,1,2,graph-derived,141,294912,1152,1024,source_float32; accelerator cost uses explicit modeled-int8 transform,"Node order, shape, dtype, initializer and external-data offset are ONNX-derived; placement is deterministic modeled policy."
6105,/model/layers.20/self_attn/v_proj/MatMul,,MatMul,20,attention_projection,v_proj,1152,256,float,onnx::MatMul_10534,1179648,4608,1024,once_per_decode_token,model.onnx_data,3361231360,3361231360,2,3,0,graph-derived,142,294912,1152,1024,source_float32; accelerator cost uses explicit modeled-int8 transform,"Node order, shape, dtype, initializer and external-data offset are ONNX-derived; placement is deterministic modeled policy."
6302,/model/layers.20/self_attn/o_proj/MatMul,,MatMul,20,attention_projection,o_proj,1024,1152,float,onnx::MatMul_10561,4718592,4096,4608,once_per_decode_token,model.onnx_data,3362413056,3362413056,3,1,2,graph-derived,143,1179648,1024,4608,source_float32; accelerator cost uses explicit modeled-int8 transform,"Node order, shape, dtype, initializer and external-data offset are ONNX-derived; placement is deterministic modeled policy."
6326,/model/layers.20/mlp/gate_proj/MatMul,,MatMul,20,mlp_projection,gate_proj,1152,6912,float,onnx::MatMul_10566,31850496,4608,27648,once_per_decode_token,model.onnx_data,3367140864,3367140864,0,3,0,graph-derived,144,7962624,1152,27648,source_float32; accelerator cost uses explicit modeled-int8 transform,"Node order, shape, dtype, initializer and external-data offset are ONNX-derived; placement is deterministic modeled policy."
6340,/model/layers.20/mlp/up_proj/MatMul,,MatMul,20,mlp_projection,up_proj,1152,6912,float,onnx::MatMul_10567,31850496,4608,27648,once_per_decode_token,model.onnx_data,3398991360,3398991360,1,2,2,graph-derived,145,7962624,1152,27648,source_float32; accelerator cost uses explicit modeled-int8 transform,"Node order, shape, dtype, initializer and external-data offset are ONNX-derived; placement is deterministic modeled policy."
6342,/model/layers.20/mlp/down_proj/MatMul,,MatMul,20,mlp_projection,down_proj,6912,1152,float,onnx::MatMul_10568,31850496,27648,4608,once_per_decode_token,model.onnx_data,3430841856,3430841856,2,1,0,graph-derived,146,7962624,6912,4608,source_float32; accelerator cost uses explicit modeled-int8 transform,"Node order, shape, dtype, initializer and external-data offset are ONNX-derived; placement is deterministic modeled policy."
6372,/model/layers.21/self_attn/q_proj/MatMul,,MatMul,21,attention_projection,q_proj,1152,1024,float,onnx::MatMul_10573,4718592,4608,4096,once_per_decode_token,model.onnx_data,3462701568,3462701568,0,1,3,graph-derived,147,1179648,1152,4096,source_float32; accelerator cost uses explicit modeled-int8 transform,"Node order, shape, dtype, initializer and external-data offset are ONNX-derived; placement is deterministic modeled policy."
6396,/model/layers.21/self_attn/k_proj/MatMul,,MatMul,21,attention_projection,k_proj,1152,256,float,onnx::MatMul_10580,1179648,4608,1024,once_per_decode_token,model.onnx_data,3467420160,3467420160,1,2,1,graph-derived,148,294912,1152,1024,source_float32; accelerator cost uses explicit modeled-int8 transform,"Node order, shape, dtype, initializer and external-data offset are ONNX-derived; placement is deterministic modeled policy."
6399,/model/layers.21/self_attn/v_proj/MatMul,,MatMul,21,attention_projection,v_proj,1152,256,float,onnx::MatMul_10581,1179648,4608,1024,once_per_decode_token,model.onnx_data,3468599808,3468599808,2,0,3,graph-derived,149,294912,1152,1024,source_float32; accelerator cost uses explicit modeled-int8 transform,"Node order, shape, dtype, initializer and external-data offset are ONNX-derived; placement is deterministic modeled policy."
6596,/model/layers.21/self_attn/o_proj/MatMul,,MatMul,21,attention_projection,o_proj,1024,1152,float,onnx::MatMul_10608,4718592,4096,4608,once_per_decode_token,model.onnx_data,3469781504,3469781504,3,3,1,graph-derived,150,1179648,1024,4608,source_float32; accelerator cost uses explicit modeled-int8 transform,"Node order, shape, dtype, initializer and external-data offset are ONNX-derived; placement is deterministic modeled policy."
6620,/model/layers.21/mlp/gate_proj/MatMul,,MatMul,21,mlp_projection,gate_proj,1152,6912,float,onnx::MatMul_10613,31850496,4608,27648,once_per_decode_token,model.onnx_data,3474509312,3474509312,0,0,3,graph-derived,151,7962624,1152,27648,source_float32; accelerator cost uses explicit modeled-int8 transform,"Node order, shape, dtype, initializer and external-data offset are ONNX-derived; placement is deterministic modeled policy."
6634,/model/layers.21/mlp/up_proj/MatMul,,MatMul,21,mlp_projection,up_proj,1152,6912,float,onnx::MatMul_10614,31850496,4608,27648,once_per_decode_token,model.onnx_data,3506359808,3506359808,1,3,1,graph-derived,152,7962624,1152,27648,source_float32; accelerator cost uses explicit modeled-int8 transform,"Node order, shape, dtype, initializer and external-data offset are ONNX-derived; placement is deterministic modeled policy."
6636,/model/layers.21/mlp/down_proj/MatMul,,MatMul,21,mlp_projection,down_proj,6912,1152,float,onnx::MatMul_10615,31850496,27648,4608,once_per_decode_token,model.onnx_data,3538210304,3538210304,2,3,3,graph-derived,153,7962624,6912,4608,source_float32; accelerator cost uses explicit modeled-int8 transform,"Node order, shape, dtype, initializer and external-data offset are ONNX-derived; placement is deterministic modeled policy."
6666,/model/layers.22/self_attn/q_proj/MatMul,,MatMul,22,attention_projection,q_proj,1152,1024,float,onnx::MatMul_10620,4718592,4608,4096,once_per_decode_token,model.onnx_data,3570070016,3570070016,0,2,2,graph-derived,154,1179648,1152,4096,source_float32; accelerator cost uses explicit modeled-int8 transform,"Node order, shape, dtype, initializer and external-data offset are ONNX-derived; placement is deterministic modeled policy."
6690,/model/layers.22/self_attn/k_proj/MatMul,,MatMul,22,attention_projection,k_proj,1152,256,float,onnx::MatMul_10627,1179648,4608,1024,once_per_decode_token,model.onnx_data,3574788608,3574788608,1,0,0,graph-derived,155,294912,1152,1024,source_float32; accelerator cost uses explicit modeled-int8 transform,"Node order, shape, dtype, initializer and external-data offset are ONNX-derived; placement is deterministic modeled policy."
6693,/model/layers.22/self_attn/v_proj/MatMul,,MatMul,22,attention_projection,v_proj,1152,256,float,onnx::MatMul_10628,1179648,4608,1024,once_per_decode_token,model.onnx_data,3575968256,3575968256,2,2,2,graph-derived,156,294912,1152,1024,source_float32; accelerator cost uses explicit modeled-int8 transform,"Node order, shape, dtype, initializer and external-data offset are ONNX-derived; placement is deterministic modeled policy."
6890,/model/layers.22/self_attn/o_proj/MatMul,,MatMul,22,attention_projection,o_proj,1024,1152,float,onnx::MatMul_10655,4718592,4096,4608,once_per_decode_token,model.onnx_data,3577149952,3577149952,3,0,0,graph-derived,157,1179648,1024,4608,source_float32; accelerator cost uses explicit modeled-int8 transform,"Node order, shape, dtype, initializer and external-data offset are ONNX-derived; placement is deterministic modeled policy."
6914,/model/layers.22/mlp/gate_proj/MatMul,,MatMul,22,mlp_projection,gate_proj,1152,6912,float,onnx::MatMul_10660,31850496,4608,27648,once_per_decode_token,model.onnx_data,3581877760,3581877760,0,1,2,graph-derived,158,7962624,1152,27648,source_float32; accelerator cost uses explicit modeled-int8 transform,"Node order, shape, dtype, initializer and external-data offset are ONNX-derived; placement is deterministic modeled policy."
6928,/model/layers.22/mlp/up_proj/MatMul,,MatMul,22,mlp_projection,up_proj,1152,6912,float,onnx::MatMul_10661,31850496,4608,27648,once_per_decode_token,model.onnx_data,3613728256,3613728256,1,1,0,graph-derived,159,7962624,1152,27648,source_float32; accelerator cost uses explicit modeled-int8 transform,"Node order, shape, dtype, initializer and external-data offset are ONNX-derived; placement is deterministic modeled policy."
6930,/model/layers.22/mlp/down_proj/MatMul,,MatMul,22,mlp_projection,down_proj,6912,1152,float,onnx::MatMul_10662,31850496,27648,4608,once_per_decode_token,model.onnx_data,3645578752,3645578752,2,0,2,graph-derived,160,7962624,6912,4608,source_float32; accelerator cost uses explicit modeled-int8 transform,"Node order, shape, dtype, initializer and external-data offset are ONNX-derived; placement is deterministic modeled policy."
6960,/model/layers.23/self_attn/q_proj/MatMul,,MatMul,23,attention_projection,q_proj,1152,1024,float,onnx::MatMul_10667,4718592,4608,4096,once_per_decode_token,model.onnx_data,3677438464,3677438464,0,0,1,graph-derived,161,1179648,1152,4096,source_float32; accelerator cost uses explicit modeled-int8 transform,"Node order, shape, dtype, initializer and external-data offset are ONNX-derived; placement is deterministic modeled policy."
6984,/model/layers.23/self_attn/k_proj/MatMul,,MatMul,23,attention_projection,k_proj,1152,256,float,onnx::MatMul_10674,1179648,4608,1024,once_per_decode_token,model.onnx_data,3682157056,3682157056,1,1,3,graph-derived,162,294912,1152,1024,source_float32; accelerator cost uses explicit modeled-int8 transform,"Node order, shape, dtype, initializer and external-data offset are ONNX-derived; placement is deterministic modeled policy."
6987,/model/layers.23/self_attn/v_proj/MatMul,,MatMul,23,attention_projection,v_proj,1152,256,float,onnx::MatMul_10675,1179648,4608,1024,once_per_decode_token,model.onnx_data,3683336704,3683336704,2,3,1,graph-derived,163,294912,1152,1024,source_float32; accelerator cost uses explicit modeled-int8 transform,"Node order, shape, dtype, initializer and external-data offset are ONNX-derived; placement is deterministic modeled policy."
7184,/model/layers.23/self_attn/o_proj/MatMul,,MatMul,23,attention_projection,o_proj,1024,1152,float,onnx::MatMul_10702,4718592,4096,4608,once_per_decode_token,model.onnx_data,3684518400,3684518400,3,1,3,graph-derived,164,1179648,1024,4608,source_float32; accelerator cost uses explicit modeled-int8 transform,"Node order, shape, dtype, initializer and external-data offset are ONNX-derived; placement is deterministic modeled policy."
7208,/model/layers.23/mlp/gate_proj/MatMul,,MatMul,23,mlp_projection,gate_proj,1152,6912,float,onnx::MatMul_10707,31850496,4608,27648,once_per_decode_token,model.onnx_data,3689246208,3689246208,0,3,1,graph-derived,165,7962624,1152,27648,source_float32; accelerator cost uses explicit modeled-int8 transform,"Node order, shape, dtype, initializer and external-data offset are ONNX-derived; placement is deterministic modeled policy."
7222,/model/layers.23/mlp/up_proj/MatMul,,MatMul,23,mlp_projection,up_proj,1152,6912,float,onnx::MatMul_10708,31850496,4608,27648,once_per_decode_token,model.onnx_data,3721096704,3721096704,1,2,3,graph-derived,166,7962624,1152,27648,source_float32; accelerator cost uses explicit modeled-int8 transform,"Node order, shape, dtype, initializer and external-data offset are ONNX-derived; placement is deterministic modeled policy."
7224,/model/layers.23/mlp/down_proj/MatMul,,MatMul,23,mlp_projection,down_proj,6912,1152,float,onnx::MatMul_10709,31850496,27648,4608,once_per_decode_token,model.onnx_data,3752947200,3752947200,2,2,1,graph-derived,167,7962624,6912,4608,source_float32; accelerator cost uses explicit modeled-int8 transform,"Node order, shape, dtype, initializer and external-data offset are ONNX-derived; placement is deterministic modeled policy."
7254,/model/layers.24/self_attn/q_proj/MatMul,,MatMul,24,attention_projection,q_proj,1152,1024,float,onnx::MatMul_10714,4718592,4608,4096,once_per_decode_token,model.onnx_data,3784806912,3784806912,0,1,0,graph-derived,168,1179648,1152,4096,source_float32; accelerator cost uses explicit modeled-int8 transform,"Node order, shape, dtype, initializer and external-data offset are ONNX-derived; placement is deterministic modeled policy."
7278,/model/layers.24/self_attn/k_proj/MatMul,,MatMul,24,attention_projection,k_proj,1152,256,float,onnx::MatMul_10721,1179648,4608,1024,once_per_decode_token,model.onnx_data,3789525504,3789525504,1,2,2,graph-derived,169,294912,1152,1024,source_float32; accelerator cost uses explicit modeled-int8 transform,"Node order, shape, dtype, initializer and external-data offset are ONNX-derived; placement is deterministic modeled policy."
7281,/model/layers.24/self_attn/v_proj/MatMul,,MatMul,24,attention_projection,v_proj,1152,256,float,onnx::MatMul_10722,1179648,4608,1024,once_per_decode_token,model.onnx_data,3790705152,3790705152,2,1,0,graph-derived,170,294912,1152,1024,source_float32; accelerator cost uses explicit modeled-int8 transform,"Node order, shape, dtype, initializer and external-data offset are ONNX-derived; placement is deterministic modeled policy."
7478,/model/layers.24/self_attn/o_proj/MatMul,,MatMul,24,attention_projection,o_proj,1024,1152,float,onnx::MatMul_10749,4718592,4096,4608,once_per_decode_token,model.onnx_data,3791886848,3791886848,3,3,2,graph-derived,171,1179648,1024,4608,source_float32; accelerator cost uses explicit modeled-int8 transform,"Node order, shape, dtype, initializer and external-data offset are ONNX-derived; placement is deterministic modeled policy."
7502,/model/layers.24/mlp/gate_proj/MatMul,,MatMul,24,mlp_projection,gate_proj,1152,6912,float,onnx::MatMul_10754,31850496,4608,27648,once_per_decode_token,model.onnx_data,3796614656,3796614656,0,0,0,graph-derived,172,7962624,1152,27648,source_float32; accelerator cost uses explicit modeled-int8 transform,"Node order, shape, dtype, initializer and external-data offset are ONNX-derived; placement is deterministic modeled policy."
7516,/model/layers.24/mlp/up_proj/MatMul,,MatMul,24,mlp_projection,up_proj,1152,6912,float,onnx::MatMul_10755,31850496,4608,27648,once_per_decode_token,model.onnx_data,3828465152,3828465152,1,0,2,graph-derived,173,7962624,1152,27648,source_float32; accelerator cost uses explicit modeled-int8 transform,"Node order, shape, dtype, initializer and external-data offset are ONNX-derived; placement is deterministic modeled policy."
7518,/model/layers.24/mlp/down_proj/MatMul,,MatMul,24,mlp_projection,down_proj,6912,1152,float,onnx::MatMul_10756,31850496,27648,4608,once_per_decode_token,model.onnx_data,3860315648,3860315648,2,3,0,graph-derived,174,7962624,6912,4608,source_float32; accelerator cost uses explicit modeled-int8 transform,"Node order, shape, dtype, initializer and external-data offset are ONNX-derived; placement is deterministic modeled policy."
7548,/model/layers.25/self_attn/q_proj/MatMul,,MatMul,25,attention_projection,q_proj,1152,1024,float,onnx::MatMul_10761,4718592,4608,4096,once_per_decode_token,model.onnx_data,3892175360,3892175360,0,2,3,graph-derived,175,1179648,1152,4096,source_float32; accelerator cost uses explicit modeled-int8 transform,"Node order, shape, dtype, initializer and external-data offset are ONNX-derived; placement is deterministic modeled policy."
7572,/model/layers.25/self_attn/k_proj/MatMul,,MatMul,25,attention_projection,k_proj,1152,256,float,onnx::MatMul_10768,1179648,4608,1024,once_per_decode_token,model.onnx_data,3896893952,3896893952,1,0,1,graph-derived,176,294912,1152,1024,source_float32; accelerator cost uses explicit modeled-int8 transform,"Node order, shape, dtype, initializer and external-data offset are ONNX-derived; placement is deterministic modeled policy."
7575,/model/layers.25/self_attn/v_proj/MatMul,,MatMul,25,attention_projection,v_proj,1152,256,float,onnx::MatMul_10769,1179648,4608,1024,once_per_decode_token,model.onnx_data,3898073600,3898073600,2,2,3,graph-derived,177,294912,1152,1024,source_float32; accelerator cost uses explicit modeled-int8 transform,"Node order, shape, dtype, initializer and external-data offset are ONNX-derived; placement is deterministic modeled policy."
7772,/model/layers.25/self_attn/o_proj/MatMul,,MatMul,25,attention_projection,o_proj,1024,1152,float,onnx::MatMul_10796,4718592,4096,4608,once_per_decode_token,model.onnx_data,3899255296,3899255296,3,0,1,graph-derived,178,1179648,1024,4608,source_float32; accelerator cost uses explicit modeled-int8 transform,"Node order, shape, dtype, initializer and external-data offset are ONNX-derived; placement is deterministic modeled policy."
7796,/model/layers.25/mlp/gate_proj/MatMul,,MatMul,25,mlp_projection,gate_proj,1152,6912,float,onnx::MatMul_10801,31850496,4608,27648,once_per_decode_token,model.onnx_data,3903983104,3903983104,0,2,3,graph-derived,179,7962624,1152,27648,source_float32; accelerator cost uses explicit modeled-int8 transform,"Node order, shape, dtype, initializer and external-data offset are ONNX-derived; placement is deterministic modeled policy."
7810,/model/layers.25/mlp/up_proj/MatMul,,MatMul,25,mlp_projection,up_proj,1152,6912,float,onnx::MatMul_10802,31850496,4608,27648,once_per_decode_token,model.onnx_data,3935833600,3935833600,1,1,1,graph-derived,180,7962624,1152,27648,source_float32; accelerator cost uses explicit modeled-int8 transform,"Node order, shape, dtype, initializer and external-data offset are ONNX-derived; placement is deterministic modeled policy."
7812,/model/layers.25/mlp/down_proj/MatMul,,MatMul,25,mlp_projection,down_proj,6912,1152,float,onnx::MatMul_10803,31850496,27648,4608,once_per_decode_token,model.onnx_data,3967684096,3967684096,2,0,3,graph-derived,181,7962624,6912,4608,source_float32; accelerator cost uses explicit modeled-int8 transform,"Node order, shape, dtype, initializer and external-data offset are ONNX-derived; placement is deterministic modeled policy."
7836,/lm_head/MatMul,,MatMul,26,lm_head,lm_head,1152,262144,float,onnx::MatMul_10808,1207959552,4608,1048576,once_per_decode_token,model.onnx_data,3999543808,3999543808,0,0,2,graph-derived,182,301989888,1152,1048576,source_float32; accelerator cost uses explicit modeled-int8 transform,"Node order, shape, dtype, initializer and external-data offset are ONNX-derived; placement is deterministic modeled policy."
