cycle,input_valid,input_ready,job_id,q0,q1,q2,q3,victim,target,eligible,age,locality_score,steal_event,dispatch_job_id,matvec_start_0,matvec_active_0,matvec_result_0,accepted,dispatched,successful_steals
0,true,true,1,0,0,0,0,0,0,false,0,0,false,0,false,false,false,0,0,0
1,true,true,5,0,1,0,0,0,0,false,0,0,false,0,false,false,false,1,0,0
2,true,true,9,0,2,0,0,0,0,false,0,0,false,0,false,false,false,2,0,0
3,false,true,9,0,3,0,0,0,0,false,0,0,false,0,false,false,false,3,0,0
4,false,true,9,0,3,0,0,0,0,false,0,0,false,0,false,false,false,3,0,0
5,false,true,9,0,3,0,0,0,0,false,0,0,false,0,false,false,false,3,0,0
6,false,true,9,0,3,0,0,0,0,false,0,0,false,0,false,false,false,3,0,0
7,false,true,9,0,3,0,0,0,0,false,0,0,false,0,false,false,false,3,0,0
8,false,true,9,0,3,0,0,0,0,false,0,0,false,0,false,false,false,3,0,0
9,false,true,9,0,3,0,0,0,0,false,0,0,false,0,false,false,false,3,0,0
10,false,true,9,0,3,0,0,0,0,false,0,0,false,0,false,false,false,3,0,0
11,false,true,9,0,3,0,0,0,0,false,0,0,false,0,false,false,false,3,0,0
12,false,true,9,0,3,0,0,0,0,false,0,0,false,0,false,false,false,3,0,0
13,false,true,9,0,3,0,0,0,0,false,0,0,false,0,false,false,false,3,0,0
14,false,true,9,0,3,0,0,0,0,false,0,0,false,0,false,false,false,3,0,0
15,false,true,9,0,3,0,0,0,0,false,0,0,false,0,false,false,false,3,0,0
16,false,true,9,0,3,0,0,1,0,true,16,116,true,1,false,false,false,3,0,0
17,false,true,9,0,2,0,0,1,0,true,16,116,true,5,false,false,false,3,1,1
18,false,true,9,0,1,0,0,1,0,true,16,116,true,9,true,false,false,3,2,2
19,false,true,9,0,0,0,0,0,0,false,0,0,false,0,false,true,false,3,3,3
20,false,true,9,0,0,0,0,0,0,false,0,0,false,0,false,true,false,3,3,3
21,false,true,9,0,0,0,0,0,0,false,0,0,false,0,false,true,false,3,3,3
22,false,true,9,0,0,0,0,0,0,false,0,0,false,0,false,true,false,3,3,3
23,false,true,9,0,0,0,0,0,0,false,0,0,false,0,false,true,false,3,3,3
24,false,true,9,0,0,0,0,0,0,false,0,0,false,0,false,true,false,3,3,3
25,false,true,9,0,0,0,0,0,0,false,0,0,false,0,false,true,false,3,3,3
26,false,true,9,0,0,0,0,0,0,false,0,0,false,0,false,true,false,3,3,3
27,false,true,9,0,0,0,0,0,0,false,0,0,false,0,false,true,false,3,3,3
28,false,true,9,0,0,0,0,0,0,false,0,0,false,0,false,true,false,3,3,3
29,false,true,9,0,0,0,0,0,0,false,0,0,false,0,false,true,false,3,3,3
30,false,true,9,0,0,0,0,0,0,false,0,0,false,0,false,true,false,3,3,3
31,false,true,9,0,0,0,0,0,0,false,0,0,false,0,false,true,false,3,3,3
32,false,true,9,0,0,0,0,0,0,false,0,0,false,0,false,true,false,3,3,3
33,false,true,9,0,0,0,0,0,0,false,0,0,false,0,false,true,false,3,3,3
34,false,true,9,0,0,0,0,0,0,false,0,0,false,0,false,true,false,3,3,3
35,false,true,9,0,0,0,0,0,0,false,0,0,false,0,false,true,false,3,3,3
36,false,true,9,0,0,0,0,0,0,false,0,0,false,0,false,true,false,3,3,3
37,false,true,9,0,0,0,0,0,0,false,0,0,false,0,false,true,false,3,3,3
38,false,true,9,0,0,0,0,0,0,false,0,0,false,0,false,true,false,3,3,3
39,false,true,9,0,0,0,0,0,0,false,0,0,false,0,false,true,false,3,3,3
40,false,true,9,0,0,0,0,0,0,false,0,0,false,0,false,true,false,3,3,3
41,false,true,9,0,0,0,0,0,0,false,0,0,false,0,false,true,false,3,3,3
42,false,true,9,0,0,0,0,0,0,false,0,0,false,0,false,true,false,3,3,3
43,false,true,9,0,0,0,0,0,0,false,0,0,false,0,false,true,false,3,3,3
44,false,true,9,0,0,0,0,0,0,false,0,0,false,0,false,true,false,3,3,3
45,false,true,9,0,0,0,0,0,0,false,0,0,false,0,false,true,false,3,3,3
46,false,true,9,0,0,0,0,0,0,false,0,0,false,0,false,true,false,3,3,3
47,false,true,9,0,0,0,0,0,0,false,0,0,false,0,false,true,false,3,3,3
48,false,true,9,0,0,0,0,0,0,false,0,0,false,0,false,true,false,3,3,3
49,false,true,9,0,0,0,0,0,0,false,0,0,false,0,false,true,false,3,3,3
50,false,true,9,0,0,0,0,0,0,false,0,0,false,0,false,true,false,3,3,3
51,false,true,9,0,0,0,0,0,0,false,0,0,false,0,false,true,false,3,3,3
52,false,true,9,0,0,0,0,0,0,false,0,0,false,0,false,true,false,3,3,3
53,false,true,9,0,0,0,0,0,0,false,0,0,false,0,false,true,false,3,3,3
54,false,true,9,0,0,0,0,0,0,false,0,0,false,0,false,true,false,3,3,3
55,false,true,9,0,0,0,0,0,0,false,0,0,false,0,false,true,false,3,3,3
56,false,true,9,0,0,0,0,0,0,false,0,0,false,0,false,true,false,3,3,3
57,false,true,9,0,0,0,0,0,0,false,0,0,false,0,false,true,false,3,3,3
58,false,true,9,0,0,0,0,0,0,false,0,0,false,0,false,true,false,3,3,3
59,false,true,9,0,0,0,0,0,0,false,0,0,false,0,false,true,false,3,3,3
60,false,true,9,0,0,0,0,0,0,false,0,0,false,0,false,true,false,3,3,3
61,false,true,9,0,0,0,0,0,0,false,0,0,false,0,false,true,false,3,3,3
62,false,true,9,0,0,0,0,0,0,false,0,0,false,0,false,true,false,3,3,3
63,false,true,9,0,0,0,0,0,0,false,0,0,false,0,false,true,false,3,3,3
64,false,true,9,0,0,0,0,0,0,false,0,0,false,0,false,true,false,3,3,3
65,false,true,9,0,0,0,0,0,0,false,0,0,false,0,false,true,false,3,3,3
66,false,true,9,0,0,0,0,0,0,false,0,0,false,0,false,true,false,3,3,3
67,false,true,9,0,0,0,0,0,0,false,0,0,false,0,false,true,false,3,3,3
68,false,true,9,0,0,0,0,0,0,false,0,0,false,0,false,true,false,3,3,3
69,false,true,9,0,0,0,0,0,0,false,0,0,false,0,false,true,false,3,3,3
70,false,true,9,0,0,0,0,0,0,false,0,0,false,0,false,true,false,3,3,3
71,false,true,9,0,0,0,0,0,0,false,0,0,false,0,false,true,false,3,3,3
72,false,true,9,0,0,0,0,0,0,false,0,0,false,0,false,true,false,3,3,3
73,false,true,9,0,0,0,0,0,0,false,0,0,false,0,false,true,false,3,3,3
74,false,true,9,0,0,0,0,0,0,false,0,0,false,0,false,true,false,3,3,3
75,false,true,9,0,0,0,0,0,0,false,0,0,false,0,false,true,false,3,3,3
76,false,true,9,0,0,0,0,0,0,false,0,0,false,0,false,true,false,3,3,3
77,false,true,9,0,0,0,0,0,0,false,0,0,false,0,false,true,false,3,3,3
78,false,true,9,0,0,0,0,0,0,false,0,0,false,0,false,true,false,3,3,3
79,false,true,9,0,0,0,0,0,0,false,0,0,false,0,false,true,false,3,3,3
80,false,true,9,0,0,0,0,0,0,false,0,0,false,0,false,true,false,3,3,3
81,false,true,9,0,0,0,0,0,0,false,0,0,false,0,false,true,false,3,3,3
82,false,true,9,0,0,0,0,0,0,false,0,0,false,0,false,true,false,3,3,3
83,false,true,9,0,0,0,0,0,0,false,0,0,false,0,false,true,false,3,3,3
84,false,true,9,0,0,0,0,0,0,false,0,0,false,0,false,true,false,3,3,3
85,false,true,9,0,0,0,0,0,0,false,0,0,false,0,false,true,true,3,3,3
86,false,true,9,0,0,0,0,0,0,false,0,0,false,0,true,false,false,3,3,3
87,false,true,9,0,0,0,0,0,0,false,0,0,false,0,false,true,false,3,3,3
88,false,true,9,0,0,0,0,0,0,false,0,0,false,0,false,true,false,3,3,3
89,false,true,9,0,0,0,0,0,0,false,0,0,false,0,false,true,false,3,3,3
90,false,true,9,0,0,0,0,0,0,false,0,0,false,0,false,true,false,3,3,3
91,false,true,9,0,0,0,0,0,0,false,0,0,false,0,false,true,false,3,3,3
92,false,true,9,0,0,0,0,0,0,false,0,0,false,0,false,true,false,3,3,3
93,false,true,9,0,0,0,0,0,0,false,0,0,false,0,false,true,false,3,3,3
94,false,true,9,0,0,0,0,0,0,false,0,0,false,0,false,true,false,3,3,3
95,false,true,9,0,0,0,0,0,0,false,0,0,false,0,false,true,false,3,3,3
96,false,true,9,0,0,0,0,0,0,false,0,0,false,0,false,true,false,3,3,3
97,false,true,9,0,0,0,0,0,0,false,0,0,false,0,false,true,false,3,3,3
98,false,true,9,0,0,0,0,0,0,false,0,0,false,0,false,true,false,3,3,3
99,false,true,9,0,0,0,0,0,0,false,0,0,false,0,false,true,false,3,3,3
100,false,true,9,0,0,0,0,0,0,false,0,0,false,0,false,true,false,3,3,3
101,false,true,9,0,0,0,0,0,0,false,0,0,false,0,false,true,false,3,3,3
102,false,true,9,0,0,0,0,0,0,false,0,0,false,0,false,true,false,3,3,3
103,false,true,9,0,0,0,0,0,0,false,0,0,false,0,false,true,false,3,3,3
104,false,true,9,0,0,0,0,0,0,false,0,0,false,0,false,true,false,3,3,3
105,false,true,9,0,0,0,0,0,0,false,0,0,false,0,false,true,false,3,3,3
106,false,true,9,0,0,0,0,0,0,false,0,0,false,0,false,true,false,3,3,3
107,false,true,9,0,0,0,0,0,0,false,0,0,false,0,false,true,false,3,3,3
108,false,true,9,0,0,0,0,0,0,false,0,0,false,0,false,true,false,3,3,3
109,false,true,9,0,0,0,0,0,0,false,0,0,false,0,false,true,false,3,3,3
110,false,true,9,0,0,0,0,0,0,false,0,0,false,0,false,true,false,3,3,3
111,false,true,9,0,0,0,0,0,0,false,0,0,false,0,false,true,false,3,3,3
112,false,true,9,0,0,0,0,0,0,false,0,0,false,0,false,true,false,3,3,3
113,false,true,9,0,0,0,0,0,0,false,0,0,false,0,false,true,false,3,3,3
114,false,true,9,0,0,0,0,0,0,false,0,0,false,0,false,true,false,3,3,3
115,false,true,9,0,0,0,0,0,0,false,0,0,false,0,false,true,false,3,3,3
116,false,true,9,0,0,0,0,0,0,false,0,0,false,0,false,true,false,3,3,3
117,false,true,9,0,0,0,0,0,0,false,0,0,false,0,false,true,false,3,3,3
118,false,true,9,0,0,0,0,0,0,false,0,0,false,0,false,true,false,3,3,3
119,false,true,9,0,0,0,0,0,0,false,0,0,false,0,false,true,false,3,3,3
120,false,true,9,0,0,0,0,0,0,false,0,0,false,0,false,true,false,3,3,3
121,false,true,9,0,0,0,0,0,0,false,0,0,false,0,false,true,false,3,3,3
122,false,true,9,0,0,0,0,0,0,false,0,0,false,0,false,true,false,3,3,3
123,false,true,9,0,0,0,0,0,0,false,0,0,false,0,false,true,false,3,3,3
124,false,true,9,0,0,0,0,0,0,false,0,0,false,0,false,true,false,3,3,3
125,false,true,9,0,0,0,0,0,0,false,0,0,false,0,false,true,false,3,3,3
126,false,true,9,0,0,0,0,0,0,false,0,0,false,0,false,true,false,3,3,3
127,false,true,9,0,0,0,0,0,0,false,0,0,false,0,false,true,false,3,3,3
128,false,true,9,0,0,0,0,0,0,false,0,0,false,0,false,true,false,3,3,3
129,false,true,9,0,0,0,0,0,0,false,0,0,false,0,false,true,false,3,3,3
130,false,true,9,0,0,0,0,0,0,false,0,0,false,0,false,true,false,3,3,3
131,false,true,9,0,0,0,0,0,0,false,0,0,false,0,false,true,false,3,3,3
132,false,true,9,0,0,0,0,0,0,false,0,0,false,0,false,true,false,3,3,3
133,false,true,9,0,0,0,0,0,0,false,0,0,false,0,false,true,false,3,3,3
134,false,true,9,0,0,0,0,0,0,false,0,0,false,0,false,true,false,3,3,3
135,false,true,9,0,0,0,0,0,0,false,0,0,false,0,false,true,false,3,3,3
136,false,true,9,0,0,0,0,0,0,false,0,0,false,0,false,true,false,3,3,3
137,false,true,9,0,0,0,0,0,0,false,0,0,false,0,false,true,false,3,3,3
138,false,true,9,0,0,0,0,0,0,false,0,0,false,0,false,true,false,3,3,3
139,false,true,9,0,0,0,0,0,0,false,0,0,false,0,false,true,false,3,3,3
140,false,true,9,0,0,0,0,0,0,false,0,0,false,0,false,true,false,3,3,3
141,false,true,9,0,0,0,0,0,0,false,0,0,false,0,false,true,false,3,3,3
142,false,true,9,0,0,0,0,0,0,false,0,0,false,0,false,true,false,3,3,3
143,false,true,9,0,0,0,0,0,0,false,0,0,false,0,false,true,false,3,3,3
144,false,true,9,0,0,0,0,0,0,false,0,0,false,0,false,true,false,3,3,3
145,false,true,9,0,0,0,0,0,0,false,0,0,false,0,false,true,false,3,3,3
146,false,true,9,0,0,0,0,0,0,false,0,0,false,0,false,true,false,3,3,3
147,false,true,9,0,0,0,0,0,0,false,0,0,false,0,false,true,false,3,3,3
148,false,true,9,0,0,0,0,0,0,false,0,0,false,0,false,true,false,3,3,3
149,false,true,9,0,0,0,0,0,0,false,0,0,false,0,false,true,false,3,3,3
150,false,true,9,0,0,0,0,0,0,false,0,0,false,0,false,true,false,3,3,3
151,false,true,9,0,0,0,0,0,0,false,0,0,false,0,false,true,false,3,3,3
152,false,true,9,0,0,0,0,0,0,false,0,0,false,0,false,true,false,3,3,3
153,false,true,9,0,0,0,0,0,0,false,0,0,false,0,false,true,true,3,3,3
154,false,true,9,0,0,0,0,0,0,false,0,0,false,0,true,false,false,3,3,3
155,false,true,9,0,0,0,0,0,0,false,0,0,false,0,false,true,false,3,3,3
156,false,true,9,0,0,0,0,0,0,false,0,0,false,0,false,true,false,3,3,3
157,false,true,9,0,0,0,0,0,0,false,0,0,false,0,false,true,false,3,3,3
158,false,true,9,0,0,0,0,0,0,false,0,0,false,0,false,true,false,3,3,3
159,false,true,9,0,0,0,0,0,0,false,0,0,false,0,false,true,false,3,3,3
160,false,true,9,0,0,0,0,0,0,false,0,0,false,0,false,true,false,3,3,3
161,false,true,9,0,0,0,0,0,0,false,0,0,false,0,false,true,false,3,3,3
162,false,true,9,0,0,0,0,0,0,false,0,0,false,0,false,true,false,3,3,3
163,false,true,9,0,0,0,0,0,0,false,0,0,false,0,false,true,false,3,3,3
164,false,true,9,0,0,0,0,0,0,false,0,0,false,0,false,true,false,3,3,3
165,false,true,9,0,0,0,0,0,0,false,0,0,false,0,false,true,false,3,3,3
166,false,true,9,0,0,0,0,0,0,false,0,0,false,0,false,true,false,3,3,3
167,false,true,9,0,0,0,0,0,0,false,0,0,false,0,false,true,false,3,3,3
168,false,true,9,0,0,0,0,0,0,false,0,0,false,0,false,true,false,3,3,3
169,false,true,9,0,0,0,0,0,0,false,0,0,false,0,false,true,false,3,3,3
170,false,true,9,0,0,0,0,0,0,false,0,0,false,0,false,true,false,3,3,3
171,false,true,9,0,0,0,0,0,0,false,0,0,false,0,false,true,false,3,3,3
172,false,true,9,0,0,0,0,0,0,false,0,0,false,0,false,true,false,3,3,3
173,false,true,9,0,0,0,0,0,0,false,0,0,false,0,false,true,false,3,3,3
174,false,true,9,0,0,0,0,0,0,false,0,0,false,0,false,true,false,3,3,3
175,false,true,9,0,0,0,0,0,0,false,0,0,false,0,false,true,false,3,3,3
176,false,true,9,0,0,0,0,0,0,false,0,0,false,0,false,true,false,3,3,3
177,false,true,9,0,0,0,0,0,0,false,0,0,false,0,false,true,false,3,3,3
178,false,true,9,0,0,0,0,0,0,false,0,0,false,0,false,true,false,3,3,3
179,false,true,9,0,0,0,0,0,0,false,0,0,false,0,false,true,false,3,3,3
180,false,true,9,0,0,0,0,0,0,false,0,0,false,0,false,true,false,3,3,3
181,false,true,9,0,0,0,0,0,0,false,0,0,false,0,false,true,false,3,3,3
182,false,true,9,0,0,0,0,0,0,false,0,0,false,0,false,true,false,3,3,3
183,false,true,9,0,0,0,0,0,0,false,0,0,false,0,false,true,false,3,3,3
184,false,true,9,0,0,0,0,0,0,false,0,0,false,0,false,true,false,3,3,3
185,false,true,9,0,0,0,0,0,0,false,0,0,false,0,false,true,false,3,3,3
186,false,true,9,0,0,0,0,0,0,false,0,0,false,0,false,true,false,3,3,3
187,false,true,9,0,0,0,0,0,0,false,0,0,false,0,false,true,false,3,3,3
188,false,true,9,0,0,0,0,0,0,false,0,0,false,0,false,true,false,3,3,3
189,false,true,9,0,0,0,0,0,0,false,0,0,false,0,false,true,false,3,3,3
190,false,true,9,0,0,0,0,0,0,false,0,0,false,0,false,true,false,3,3,3
191,false,true,9,0,0,0,0,0,0,false,0,0,false,0,false,true,false,3,3,3
192,false,true,9,0,0,0,0,0,0,false,0,0,false,0,false,true,false,3,3,3
193,false,true,9,0,0,0,0,0,0,false,0,0,false,0,false,true,false,3,3,3
194,false,true,9,0,0,0,0,0,0,false,0,0,false,0,false,true,false,3,3,3
195,false,true,9,0,0,0,0,0,0,false,0,0,false,0,false,true,false,3,3,3
196,false,true,9,0,0,0,0,0,0,false,0,0,false,0,false,true,false,3,3,3
197,false,true,9,0,0,0,0,0,0,false,0,0,false,0,false,true,false,3,3,3
198,false,true,9,0,0,0,0,0,0,false,0,0,false,0,false,true,false,3,3,3
199,false,true,9,0,0,0,0,0,0,false,0,0,false,0,false,true,false,3,3,3
200,false,true,9,0,0,0,0,0,0,false,0,0,false,0,false,true,false,3,3,3
201,false,true,9,0,0,0,0,0,0,false,0,0,false,0,false,true,false,3,3,3
202,false,true,9,0,0,0,0,0,0,false,0,0,false,0,false,true,false,3,3,3
203,false,true,9,0,0,0,0,0,0,false,0,0,false,0,false,true,false,3,3,3
204,false,true,9,0,0,0,0,0,0,false,0,0,false,0,false,true,false,3,3,3
205,false,true,9,0,0,0,0,0,0,false,0,0,false,0,false,true,false,3,3,3
206,false,true,9,0,0,0,0,0,0,false,0,0,false,0,false,true,false,3,3,3
207,false,true,9,0,0,0,0,0,0,false,0,0,false,0,false,true,false,3,3,3
208,false,true,9,0,0,0,0,0,0,false,0,0,false,0,false,true,false,3,3,3
209,false,true,9,0,0,0,0,0,0,false,0,0,false,0,false,true,false,3,3,3
210,false,true,9,0,0,0,0,0,0,false,0,0,false,0,false,true,false,3,3,3
211,false,true,9,0,0,0,0,0,0,false,0,0,false,0,false,true,false,3,3,3
212,false,true,9,0,0,0,0,0,0,false,0,0,false,0,false,true,false,3,3,3
213,false,true,9,0,0,0,0,0,0,false,0,0,false,0,false,true,false,3,3,3
214,false,true,9,0,0,0,0,0,0,false,0,0,false,0,false,true,false,3,3,3
215,false,true,9,0,0,0,0,0,0,false,0,0,false,0,false,true,false,3,3,3
216,false,true,9,0,0,0,0,0,0,false,0,0,false,0,false,true,false,3,3,3
217,false,true,9,0,0,0,0,0,0,false,0,0,false,0,false,true,false,3,3,3
218,false,true,9,0,0,0,0,0,0,false,0,0,false,0,false,true,false,3,3,3
219,false,true,9,0,0,0,0,0,0,false,0,0,false,0,false,true,false,3,3,3
220,false,true,9,0,0,0,0,0,0,false,0,0,false,0,false,true,false,3,3,3
221,false,true,9,0,0,0,0,0,0,false,0,0,false,0,false,true,true,3,3,3
222,false,true,9,0,0,0,0,0,0,false,0,0,false,0,false,false,false,3,3,3
223,false,true,9,0,0,0,0,0,0,false,0,0,false,0,false,false,false,3,3,3
