workload,seed,jobs,ledger_sha256
balanced,19,1000,a63dd4d860710e6950be738734589af6ed6822b5ba0e64b0ed39fd8a3945c0d8
balanced,23,1000,08ef8249ffb9669c5f08c92c0671b5d27f3a407166358c086812382d92cdeb71
balanced,29,1000,5927ccc39476fbb1d27eb6b566d3f1ed132f7f7d355a69c2903fcd9eb2595da2
balanced,31,1000,cd3f521675aff4322533f96e9026c5948ee0a9a64d1a147aa061f0f7db06e3c1
balanced,43,1000,1411b90cdb382c69a501b65d8948d131584b1e96615289bdb4dbc43455003239
skew,19,1000,c00edd5ede4fb3b4d81714876892fd810061be24df4abe8518bac03539c37ddb
skew,23,1000,8ad725ec82f5c7bffa3303407575e741aff6cbce4ed5f1661cd69c6e52db53eb
skew,29,1000,e6789c4346907fa7a1c0ba6851989e06690cec4e054d9d6e28a8474a328c0a5f
skew,31,1000,2887d0098e7c2493dde8a2ac7cd9b49c4b908c0ab3045deb894a2c6f79375691
skew,43,1000,99bb745df36a5abbf91b45c61e6cd12828990fddcd6796b328d64770f2053bc0
hotspot,19,1000,bf1ae2133e17a5e1a200d4eeab505a55d3da0f0e5ba571652790f8b10054ef69
hotspot,23,1000,cac17ab47ec736a21b9fc3678cc3a84291166ea79198ce44e5955c82905cc1f4
hotspot,29,1000,803080c08108b8a28120dcb99f67fece3b78ee9a7277cc8024fa0d9681a8de38
hotspot,31,1000,099aec332d7143420b15ba10a30b4de2192be2be462bf1ea0832586ca4686b88
hotspot,43,1000,c75264eb347df971ecc31aeb70603304679c25a4b48dbf4d10cb5c1d719c35a8
bursty,19,1000,d8a99f2fcbe373bf233b13257242c974ab0e14a0adef4d436390c0140fd8936a
bursty,23,1000,5638fe0aaab0f702265484edcebb3ea2905eea317d4328b09267fceb0cef4723
bursty,29,1000,0d955ad4e7b43a5d3b56a5c09d076f2f1be497454dc265814829abce859b9ec3
bursty,31,1000,0c337d7320709b28b33dd752c7a5439e2b2a7328379978923b6621df7e0991f5
bursty,43,1000,3e09a44eaa92293daf65af6c5283ed04a53cc437fc3bf2c9e87e3b2fa7598007
mixed,19,1000,1984ffe0a1e61004a2a339824b9f04e6d49d81d09dcb776fa506190aa50f48f6
mixed,23,1000,3f6ad95d5a5f176963441f5e051f6a42a4959572e6f2b6055b75a8499e59a920
mixed,29,1000,bbdbf74448d48e01720473da997b4c303cda79ebd64dae971ddc6ed5945b902e
mixed,31,1000,7057b74bc84954bf1e3b611378a302f3500e100858d568ce307bd11cd0c716e4
mixed,43,1000,7b9de4841f4febde5ca28629bec21255bcb3fca3d3f49f86438b019f4b5b5601
