workload,scheduler,evidence_type,seed_count,process_repetitions,p95_tile_latency_cycles_median,p95_tile_latency_cycles_min,p95_tile_latency_cycles_max,total_completion_cycles_median,total_completion_cycles_min,total_completion_cycles_max,successful_steals_median,successful_steals_min,successful_steals_max,remote_weight_bytes_median,remote_weight_bytes_min,remote_weight_bytes_max,activation_retransmission_bytes_median,activation_retransmission_bytes_min,activation_retransmission_bytes_max,partial_sum_traffic_bytes_median,partial_sum_traffic_bytes_min,partial_sum_traffic_bytes_max
balanced,Oracle,analytical-model,5,3,19524.0,19524.0,19524.0,22506.0,22506.0,22506.0,0.0,0.0,0.0,0.0,0.0,0.0,0.0,0.0,0.0,0.0,0.0,0.0
balanced,S0,analytical-model,5,3,19524.0,19524.0,19524.0,22506.0,22506.0,22506.0,0.0,0.0,0.0,0.0,0.0,0.0,0.0,0.0,0.0,0.0,0.0,0.0
balanced,S0-physical,analytical-model,5,3,21190.0,21190.0,21190.0,24256.0,24256.0,24256.0,0.0,0.0,0.0,0.0,0.0,0.0,0.0,0.0,0.0,0.0,0.0,0.0
balanced,S1,analytical-model,5,3,19524.0,19524.0,19524.0,22506.0,22506.0,22506.0,0.0,0.0,0.0,0.0,0.0,0.0,0.0,0.0,0.0,0.0,0.0,0.0
balanced,S2,analytical-model,5,3,19524.0,19524.0,19524.0,22506.0,22506.0,22506.0,0.0,0.0,0.0,0.0,0.0,0.0,0.0,0.0,0.0,0.0,0.0,0.0
balanced,S3,analytical-model,5,3,19524.0,19524.0,19524.0,22506.0,22506.0,22506.0,0.0,0.0,0.0,0.0,0.0,0.0,0.0,0.0,0.0,0.0,0.0,0.0
bursty,Oracle,analytical-model,5,3,45463.399999999994,44370.899999999994,46640.549999999996,53448.0,50758.0,53934.0,0.0,0.0,0.0,0.0,0.0,0.0,0.0,0.0,0.0,0.0,0.0,0.0
bursty,S0,analytical-model,5,3,70275.94999999998,67569.59999999999,73011.65,76262.0,73698.0,79112.0,0.0,0.0,0.0,0.0,0.0,0.0,0.0,0.0,0.0,0.0,0.0,0.0
bursty,S0-physical,analytical-model,5,3,71331.7,68655.25,73972.2,77358.0,74812.0,80102.0,0.0,0.0,0.0,0.0,0.0,0.0,0.0,0.0,0.0,0.0,0.0,0.0
bursty,S1,analytical-model,5,3,61001.049999999996,59041.5,63644.6,67976.0,65652.0,71620.0,0.0,0.0,0.0,0.0,0.0,0.0,0.0,0.0,0.0,0.0,0.0,0.0
bursty,S2,analytical-model,5,3,60892.649999999994,59041.5,62294.05,66934.0,64984.0,68742.0,22.0,9.0,42.0,58368.0,21504.0,99328.0,3648.0,1344.0,6208.0,1408.0,576.0,2688.0
bursty,S3,analytical-model,5,3,60890.85,59041.5,62277.94999999999,66958.0,64952.0,69166.0,24.0,14.0,53.0,44032.0,22528.0,79872.0,2752.0,1408.0,4992.0,1536.0,896.0,3392.0
hotspot,Oracle,analytical-model,5,3,157562.74999999997,155307.7,160408.59999999998,171242.0,168991.0,174080.0,0.0,0.0,0.0,0.0,0.0,0.0,0.0,0.0,0.0,0.0,0.0,0.0
hotspot,S0,analytical-model,5,3,160015.75,158065.34999999998,163650.8,170816.0,168512.0,173600.0,0.0,0.0,0.0,0.0,0.0,0.0,0.0,0.0,0.0,0.0,0.0,0.0
hotspot,S0-physical,analytical-model,5,3,160022.75,158072.35,163664.44999999998,170823.0,168519.0,173607.0,0.0,0.0,0.0,0.0,0.0,0.0,0.0,0.0,0.0,0.0,0.0,0.0
hotspot,S1,analytical-model,5,3,159940.25,158348.3,163609.05,170908.0,168512.0,173750.0,0.0,0.0,0.0,0.0,0.0,0.0,0.0,0.0,0.0,0.0,0.0,0.0
hotspot,S2,analytical-model,5,3,159940.25,158348.3,163609.05,170784.0,168512.0,173632.0,5.0,3.0,9.0,18432.0,10240.0,22528.0,1152.0,640.0,1408.0,320.0,192.0,576.0
hotspot,S3,analytical-model,5,3,159940.25,158348.3,163609.05,170816.0,168512.0,173632.0,5.0,4.0,9.0,16384.0,8192.0,20480.0,1024.0,512.0,1280.0,320.0,256.0,576.0
mixed,Oracle,analytical-model,5,3,341161.24999999994,315726.14999999997,351172.69999999995,395418.0,369894.0,405381.0,0.0,0.0,0.0,0.0,0.0,0.0,0.0,0.0,0.0,0.0,0.0,0.0
mixed,S0,analytical-model,5,3,378232.29999999993,355043.05,382472.85,396401.0,375640.0,406502.0,0.0,0.0,0.0,0.0,0.0,0.0,0.0,0.0,0.0,0.0,0.0,0.0
mixed,S0-physical,analytical-model,5,3,378505.3,355395.04999999993,382623.85,396702.0,376006.0,406728.0,0.0,0.0,0.0,0.0,0.0,0.0,0.0,0.0,0.0,0.0,0.0,0.0
mixed,S1,analytical-model,5,3,478553.04999999993,446919.6,494366.25,513745.0,483649.0,528452.0,0.0,0.0,0.0,0.0,0.0,0.0,0.0,0.0,0.0,0.0,0.0,0.0
mixed,S2,analytical-model,5,3,403766.24999999994,380632.2,423465.45,432283.0,410474.0,451004.0,421.0,403.0,431.0,3799040.0,3301376.0,3950592.0,127360.0,112640.0,131712.0,45248.0,42112.0,46272.0
mixed,S3,analytical-model,5,3,394375.44999999995,372474.14999999997,410971.15,434075.0,409625.0,448968.0,429.0,411.0,445.0,2957312.0,2543616.0,3088384.0,103936.0,91136.0,108032.0,43392.0,40960.0,45440.0
skew,Oracle,analytical-model,5,3,187575.14999999994,174106.64999999994,190197.99999999994,241064.0,227555.0,243712.0,0.0,0.0,0.0,0.0,0.0,0.0,0.0,0.0,0.0,0.0,0.0,0.0
skew,S0,analytical-model,5,3,226610.8,214782.05000000002,229148.19999999998,241560.0,227450.0,243839.0,0.0,0.0,0.0,0.0,0.0,0.0,0.0,0.0,0.0,0.0,0.0,0.0
skew,S0-physical,analytical-model,5,3,226652.80000000002,214838.05,229227.2,241649.0,227506.0,243881.0,0.0,0.0,0.0,0.0,0.0,0.0,0.0,0.0,0.0,0.0,0.0,0.0
skew,S1,analytical-model,5,3,285333.05,277471.64999999997,289829.85,306837.0,295306.0,309464.0,0.0,0.0,0.0,0.0,0.0,0.0,0.0,0.0,0.0,0.0,0.0,0.0
skew,S2,analytical-model,5,3,236527.84999999998,228289.24999999997,241622.05,253424.0,242964.0,255662.0,537.0,530.0,564.0,2443776.0,2298368.0,2517504.0,130112.0,124736.0,134528.0,39808.0,38656.0,42080.0
skew,S3,analytical-model,5,3,233625.15,229882.5,236424.6,255897.0,247360.0,256318.0,561.0,559.0,585.0,1519104.0,1397248.0,1554432.0,107840.0,103616.0,110208.0,36800.0,36160.0,38336.0
